,treatment,date,stage,subject,picturechoice1,picturechoice2,picturechoice3,picturechoice4,picturechoice5,mytype,r1s1_giveA,r2s1_giveA,r3s1_giveA,r4s1_giveA,r5s1_giveA,r1s1_giveB,r2s1_giveB,r3s1_giveB,r4s1_giveB,r5s1_giveB,r1s2_giveA,r2s2_giveA,r3s2_giveA,r4s2_giveA,r5s2_giveA,r1s2_giveB,r2s2_giveB,r3s2_giveB,r4s2_giveB,r5s2_giveB,r1s3_giveA,r2s3_giveA,r3s3_giveA,r4s3_giveA,r5s3_giveA,r1s3_giveB,r2s3_giveB,r3s3_giveB,r4s3_giveB,r5s3_giveB,round,myrole,actforsame,actforother,mypayoff,opponentid,opponenttype,sametype,opponentrole,game,payoffA_Aout,payoffB_Aout,payoffA_Bact1,payoffB_Bact1,payoffA_Bact2,payoffB_Bact2,paintingawards,stage2_payoff,myrole(A/B),choice,subjectID
0,control,050316PQ,3,1,,,,,,,,,,,,,,,,,,,,,,,,,,,,,,,,,,,,,1.0,2,1.0,,400.0,8.0,,,1.0,Dict 1,,,400.0,400.0,750.0,400.0,,,B,B1,050316PQ-1
1,control,050316PQ,3,4,,,,,,,,,,,,,,,,,,,,,,,,,,,,,,,,,,,,,1.0,2,2.0,,400.0,2.0,,,1.0,Dict 1,,,400.0,400.0,750.0,400.0,,,B,B2,050316PQ-4
2,control,050316PQ,3,10,,,,,,,,,,,,,,,,,,,,,,,,,,,,,,,,,,,,,1.0,2,2.0,,400.0,6.0,,,1.0,Dict 1,,,400.0,400.0,750.0,400.0,,,B,B2,050316PQ-10
3,control,050316PQ,3,11,,,,,,,,,,,,,,,,,,,,,,,,,,,,,,,,,,,,,1.0,2,2.0,,400.0,12.0,,,1.0,Dict 1,,,400.0,400.0,750.0,400.0,,,B,B2,050316PQ-11
4,control,050316PQ,3,13,,,,,,,,,,,,,,,,,,,,,,,,,,,,,,,,,,,,,1.0,2,1.0,,400.0,9.0,,,1.0,Dict 1,,,400.0,400.0,750.0,400.0,,,B,B1,050316PQ-13
5,control,050316PQ,3,14,,,,,,,,,,,,,,,,,,,,,,,,,,,,,,,,,,,,,1.0,2,2.0,,400.0,5.0,,,1.0,Dict 1,,,400.0,400.0,750.0,400.0,,,B,B2,050316PQ-14
12,control,050316PQ,3,1,,,,,,,,,,,,,,,,,,,,,,,,,,,,,,,,,,,,,3.0,1,1.0,,750.0,6.0,,,2.0,Resp 1a,750.0,0.0,400.0,400.0,750.0,400.0,,,A,A1,050316PQ-1
13,control,050316PQ,3,2,,,,,,,,,,,,,,,,,,,,,,,,,,,,,,,,,,,,,3.0,1,2.0,,750.0,10.0,,,2.0,Resp 1a,750.0,0.0,400.0,400.0,750.0,400.0,,,A,A2,050316PQ-2
14,control,050316PQ,3,4,,,,,,,,,,,,,,,,,,,,,,,,,,,,,,,,,,,,,3.0,1,2.0,,750.0,14.0,,,2.0,Resp 1a,750.0,0.0,400.0,400.0,750.0,400.0,,,A,A2,050316PQ-4
15,control,050316PQ,3,5,,,,,,,,,,,,,,,,,,,,,,,,,,,,,,,,,,,,,3.0,2,1.0,,0.0,3.0,,,1.0,Resp 1a,750.0,0.0,400.0,400.0,750.0,400.0,,,B,B1,050316PQ-5
16,control,050316PQ,3,6,,,,,,,,,,,,,,,,,,,,,,,,,,,,,,,,,,,,,3.0,2,2.0,,0.0,1.0,,,1.0,Resp 1a,750.0,0.0,400.0,400.0,750.0,400.0,,,B,B2,050316PQ-6
17,control,050316PQ,3,7,,,,,,,,,,,,,,,,,,,,,,,,,,,,,,,,,,,,,3.0,1,1.0,,750.0,13.0,,,2.0,Resp 1a,750.0,0.0,400.0,400.0,750.0,400.0,,,A,A1,050316PQ-7
18,control,050316PQ,3,8,,,,,,,,,,,,,,,,,,,,,,,,,,,,,,,,,,,,,3.0,2,2.0,,400.0,12.0,,,1.0,Resp 1a,750.0,0.0,400.0,400.0,750.0,400.0,,,B,B2,050316PQ-8
19,control,050316PQ,3,9,,,,,,,,,,,,,,,,,,,,,,,,,,,,,,,,,,,,,3.0,1,2.0,,750.0,11.0,,,2.0,Resp 1a,750.0,0.0,400.0,400.0,750.0,400.0,,,A,A2,050316PQ-9
20,control,050316PQ,3,10,,,,,,,,,,,,,,,,,,,,,,,,,,,,,,,,,,,,,3.0,2,2.0,,400.0,2.0,,,1.0,Resp 1a,750.0,0.0,400.0,400.0,750.0,400.0,,,B,B2,050316PQ-10
21,control,050316PQ,3,11,,,,,,,,,,,,,,,,,,,,,,,,,,,,,,,,,,,,,3.0,2,2.0,,400.0,9.0,,,1.0,Resp 1a,750.0,0.0,400.0,400.0,750.0,400.0,,,B,B2,050316PQ-11
22,control,050316PQ,3,12,,,,,,,,,,,,,,,,,,,,,,,,,,,,,,,,,,,,,3.0,1,2.0,,750.0,8.0,,,2.0,Resp 1a,750.0,0.0,400.0,400.0,750.0,400.0,,,A,A2,050316PQ-12
23,control,050316PQ,3,13,,,,,,,,,,,,,,,,,,,,,,,,,,,,,,,,,,,,,3.0,2,1.0,,0.0,7.0,,,1.0,Resp 1a,750.0,0.0,400.0,400.0,750.0,400.0,,,B,B1,050316PQ-13
24,control,050316PQ,3,14,,,,,,,,,,,,,,,,,,,,,,,,,,,,,,,,,,,,,3.0,2,2.0,,400.0,4.0,,,1.0,Resp 1a,750.0,0.0,400.0,400.0,750.0,400.0,,,B,B2,050316PQ-14
25,control,050316PQ,3,1,,,,,,,,,,,,,,,,,,,,,,,,,,,,,,,,,,,,,4.0,2,1.0,,0.0,13.0,,,1.0,Resp 5a,800.0,0.0,0.0,800.0,400.0,400.0,,,B,B1,050316PQ-1
26,control,050316PQ,3,2,,,,,,,,,,,,,,,,,,,,,,,,,,,,,,,,,,,,,4.0,1,1.0,,800.0,7.0,,,2.0,Resp 5a,800.0,0.0,0.0,800.0,400.0,400.0,,,A,A1,050316PQ-2
27,control,050316PQ,3,4,,,,,,,,,,,,,,,,,,,,,,,,,,,,,,,,,,,,,4.0,1,1.0,,800.0,8.0,,,2.0,Resp 5a,800.0,0.0,0.0,800.0,400.0,400.0,,,A,A1,050316PQ-4
28,control,050316PQ,3,5,,,,,,,,,,,,,,,,,,,,,,,,,,,,,,,,,,,,,4.0,1,1.0,,800.0,6.0,,,2.0,Resp 5a,800.0,0.0,0.0,800.0,400.0,400.0,,,A,A1,050316PQ-5
29,control,050316PQ,3,6,,,,,,,,,,,,,,,,,,,,,,,,,,,,,,,,,,,,,4.0,2,1.0,,0.0,5.0,,,1.0,Resp 5a,800.0,0.0,0.0,800.0,400.0,400.0,,,B,B1,050316PQ-6
30,control,050316PQ,3,7,,,,,,,,,,,,,,,,,,,,,,,,,,,,,,,,,,,,,4.0,2,2.0,,0.0,2.0,,,1.0,Resp 5a,800.0,0.0,0.0,800.0,400.0,400.0,,,B,B2,050316PQ-7
31,control,050316PQ,3,8,,,,,,,,,,,,,,,,,,,,,,,,,,,,,,,,,,,,,4.0,2,1.0,,0.0,4.0,,,1.0,Resp 5a,800.0,0.0,0.0,800.0,400.0,400.0,,,B,B1,050316PQ-8
32,control,050316PQ,3,9,,,,,,,,,,,,,,,,,,,,,,,,,,,,,,,,,,,,,4.0,1,1.0,,800.0,14.0,,,2.0,Resp 5a,800.0,0.0,0.0,800.0,400.0,400.0,,,A,A1,050316PQ-9
33,control,050316PQ,3,10,,,,,,,,,,,,,,,,,,,,,,,,,,,,,,,,,,,,,4.0,2,2.0,,0.0,11.0,,,1.0,Resp 5a,800.0,0.0,0.0,800.0,400.0,400.0,,,B,B2,050316PQ-10
34,control,050316PQ,3,11,,,,,,,,,,,,,,,,,,,,,,,,,,,,,,,,,,,,,4.0,1,1.0,,800.0,10.0,,,2.0,Resp 5a,800.0,0.0,0.0,800.0,400.0,400.0,,,A,A1,050316PQ-11
35,control,050316PQ,3,12,,,,,,,,,,,,,,,,,,,,,,,,,,,,,,,,,,,,,4.0,2,1.0,,0.0,3.0,,,1.0,Resp 5a,800.0,0.0,0.0,800.0,400.0,400.0,,,B,B1,050316PQ-12
36,control,050316PQ,3,13,,,,,,,,,,,,,,,,,,,,,,,,,,,,,,,,,,,,,4.0,1,1.0,,800.0,1.0,,,2.0,Resp 5a,800.0,0.0,0.0,800.0,400.0,400.0,,,A,A1,050316PQ-13
37,control,050316PQ,3,14,,,,,,,,,,,,,,,,,,,,,,,,,,,,,,,,,,,,,4.0,2,2.0,,0.0,9.0,,,1.0,Resp 5a,800.0,0.0,0.0,800.0,400.0,400.0,,,B,B2,050316PQ-14
77,control,050318OT,3,2,,,,,,,,,,,,,,,,,,,,,,,,,,,,,,,,,,,,,1.0,2,1.0,,400.0,14.0,,,1.0,Dict 2,,,400.0,400.0,750.0,375.0,,,B,B1,050318OT-2
78,control,050318OT,3,5,,,,,,,,,,,,,,,,,,,,,,,,,,,,,,,,,,,,,1.0,2,2.0,,375.0,7.0,,,1.0,Dict 2,,,400.0,400.0,750.0,375.0,,,B,B2,050318OT-5
79,control,050318OT,3,6,,,,,,,,,,,,,,,,,,,,,,,,,,,,,,,,,,,,,1.0,2,1.0,,400.0,8.0,,,1.0,Dict 2,,,400.0,400.0,750.0,375.0,,,B,B1,050318OT-6
80,control,050318OT,3,10,,,,,,,,,,,,,,,,,,,,,,,,,,,,,,,,,,,,,1.0,2,1.0,,400.0,9.0,,,1.0,Dict 2,,,400.0,400.0,750.0,375.0,,,B,B1,050318OT-10
81,control,050318OT,3,11,,,,,,,,,,,,,,,,,,,,,,,,,,,,,,,,,,,,,1.0,2,2.0,,375.0,1.0,,,1.0,Dict 2,,,400.0,400.0,750.0,375.0,,,B,B2,050318OT-11
82,control,050318OT,3,12,,,,,,,,,,,,,,,,,,,,,,,,,,,,,,,,,,,,,1.0,2,1.0,,400.0,4.0,,,1.0,Dict 2,,,400.0,400.0,750.0,375.0,,,B,B1,050318OT-12
83,control,050318OT,3,13,,,,,,,,,,,,,,,,,,,,,,,,,,,,,,,,,,,,,1.0,2,1.0,,400.0,16.0,,,1.0,Dict 2,,,400.0,400.0,750.0,375.0,,,B,B1,050318OT-13
84,control,050318OT,3,15,,,,,,,,,,,,,,,,,,,,,,,,,,,,,,,,,,,,,1.0,2,1.0,,400.0,3.0,,,1.0,Dict 2,,,400.0,400.0,750.0,375.0,,,B,B1,050318OT-15
101,control,050318OT,3,1,,,,,,,,,,,,,,,,,,,,,,,,,,,,,,,,,,,,,4.0,2,1.0,,400.0,9.0,,,1.0,Resp 2a,750.0,0.0,400.0,400.0,750.0,375.0,,,B,B1,050318OT-1
102,control,050318OT,3,2,,,,,,,,,,,,,,,,,,,,,,,,,,,,,,,,,,,,,4.0,1,1.0,,750.0,7.0,,,2.0,Resp 2a,750.0,0.0,400.0,400.0,750.0,375.0,,,A,A1,050318OT-2
103,control,050318OT,3,3,,,,,,,,,,,,,,,,,,,,,,,,,,,,,,,,,,,,,4.0,1,1.0,,750.0,8.0,,,2.0,Resp 2a,750.0,0.0,400.0,400.0,750.0,375.0,,,A,A1,050318OT-3
104,control,050318OT,3,4,,,,,,,,,,,,,,,,,,,,,,,,,,,,,,,,,,,,,4.0,2,1.0,,0.0,10.0,,,1.0,Resp 2a,750.0,0.0,400.0,400.0,750.0,375.0,,,B,B1,050318OT-4
105,control,050318OT,3,5,,,,,,,,,,,,,,,,,,,,,,,,,,,,,,,,,,,,,4.0,1,2.0,,750.0,16.0,,,2.0,Resp 2a,750.0,0.0,400.0,400.0,750.0,375.0,,,A,A2,050318OT-5
106,control,050318OT,3,6,,,,,,,,,,,,,,,,,,,,,,,,,,,,,,,,,,,,,4.0,1,2.0,,750.0,11.0,,,2.0,Resp 2a,750.0,0.0,400.0,400.0,750.0,375.0,,,A,A2,050318OT-6
107,control,050318OT,3,7,,,,,,,,,,,,,,,,,,,,,,,,,,,,,,,,,,,,,4.0,2,1.0,,0.0,2.0,,,1.0,Resp 2a,750.0,0.0,400.0,400.0,750.0,375.0,,,B,B1,050318OT-7
108,control,050318OT,3,8,,,,,,,,,,,,,,,,,,,,,,,,,,,,,,,,,,,,,4.0,2,1.0,,0.0,3.0,,,1.0,Resp 2a,750.0,0.0,400.0,400.0,750.0,375.0,,,B,B1,050318OT-8
109,control,050318OT,3,9,,,,,,,,,,,,,,,,,,,,,,,,,,,,,,,,,,,,,4.0,1,2.0,,400.0,1.0,,,2.0,Resp 2a,750.0,0.0,400.0,400.0,750.0,375.0,,,A,A2,050318OT-9
110,control,050318OT,3,10,,,,,,,,,,,,,,,,,,,,,,,,,,,,,,,,,,,,,4.0,1,1.0,,750.0,4.0,,,2.0,Resp 2a,750.0,0.0,400.0,400.0,750.0,375.0,,,A,A1,050318OT-10
111,control,050318OT,3,11,,,,,,,,,,,,,,,,,,,,,,,,,,,,,,,,,,,,,4.0,2,2.0,,375.0,6.0,,,1.0,Resp 2a,750.0,0.0,400.0,400.0,750.0,375.0,,,B,B2,050318OT-11
112,control,050318OT,3,12,,,,,,,,,,,,,,,,,,,,,,,,,,,,,,,,,,,,,4.0,2,1.0,,400.0,14.0,,,1.0,Resp 2a,750.0,0.0,400.0,400.0,750.0,375.0,,,B,B1,050318OT-12
113,control,050318OT,3,13,,,,,,,,,,,,,,,,,,,,,,,,,,,,,,,,,,,,,4.0,1,2.0,,750.0,15.0,,,2.0,Resp 2a,750.0,0.0,400.0,400.0,750.0,375.0,,,A,A2,050318OT-13
114,control,050318OT,3,14,,,,,,,,,,,,,,,,,,,,,,,,,,,,,,,,,,,,,4.0,1,2.0,,400.0,12.0,,,2.0,Resp 2a,750.0,0.0,400.0,400.0,750.0,375.0,,,A,A2,050318OT-14
115,control,050318OT,3,15,,,,,,,,,,,,,,,,,,,,,,,,,,,,,,,,,,,,,4.0,2,2.0,,375.0,13.0,,,1.0,Resp 2a,750.0,0.0,400.0,400.0,750.0,375.0,,,B,B2,050318OT-15
116,control,050318OT,3,16,,,,,,,,,,,,,,,,,,,,,,,,,,,,,,,,,,,,,4.0,2,2.0,,375.0,5.0,,,1.0,Resp 2a,750.0,0.0,400.0,400.0,750.0,375.0,,,B,B2,050318OT-16
117,control,050318OT,3,1,,,,,,,,,,,,,,,,,,,,,,,,,,,,,,,,,,,,,5.0,1,1.0,,750.0,7.0,,,2.0,Resp 3,750.0,100.0,300.0,600.0,700.0,500.0,,,A,A1,050318OT-1
118,control,050318OT,3,2,,,,,,,,,,,,,,,,,,,,,,,,,,,,,,,,,,,,,5.0,2,1.0,,600.0,8.0,,,1.0,Resp 3,750.0,100.0,300.0,600.0,700.0,500.0,,,B,B1,050318OT-2
119,control,050318OT,3,3,,,,,,,,,,,,,,,,,,,,,,,,,,,,,,,,,,,,,5.0,1,1.0,,750.0,4.0,,,2.0,Resp 3,750.0,100.0,300.0,600.0,700.0,500.0,,,A,A1,050318OT-3
120,control,050318OT,3,4,,,,,,,,,,,,,,,,,,,,,,,,,,,,,,,,,,,,,5.0,2,2.0,,100.0,3.0,,,1.0,Resp 3,750.0,100.0,300.0,600.0,700.0,500.0,,,B,B2,050318OT-4
121,control,050318OT,3,5,,,,,,,,,,,,,,,,,,,,,,,,,,,,,,,,,,,,,5.0,1,2.0,,300.0,11.0,,,2.0,Resp 3,750.0,100.0,300.0,600.0,700.0,500.0,,,A,A2,050318OT-5
122,control,050318OT,3,6,,,,,,,,,,,,,,,,,,,,,,,,,,,,,,,,,,,,,5.0,1,1.0,,750.0,14.0,,,2.0,Resp 3,750.0,100.0,300.0,600.0,700.0,500.0,,,A,A1,050318OT-6
123,control,050318OT,3,7,,,,,,,,,,,,,,,,,,,,,,,,,,,,,,,,,,,,,5.0,2,1.0,,100.0,1.0,,,1.0,Resp 3,750.0,100.0,300.0,600.0,700.0,500.0,,,B,B1,050318OT-7
124,control,050318OT,3,8,,,,,,,,,,,,,,,,,,,,,,,,,,,,,,,,,,,,,5.0,1,2.0,,300.0,2.0,,,2.0,Resp 3,750.0,100.0,300.0,600.0,700.0,500.0,,,A,A2,050318OT-8
125,control,050318OT,3,9,,,,,,,,,,,,,,,,,,,,,,,,,,,,,,,,,,,,,5.0,1,2.0,,700.0,13.0,,,2.0,Resp 3,750.0,100.0,300.0,600.0,700.0,500.0,,,A,A2,050318OT-9
126,control,050318OT,3,10,,,,,,,,,,,,,,,,,,,,,,,,,,,,,,,,,,,,,5.0,2,1.0,,100.0,16.0,,,1.0,Resp 3,750.0,100.0,300.0,600.0,700.0,500.0,,,B,B1,050318OT-10
127,control,050318OT,3,11,,,,,,,,,,,,,,,,,,,,,,,,,,,,,,,,,,,,,5.0,2,1.0,,600.0,5.0,,,1.0,Resp 3,750.0,100.0,300.0,600.0,700.0,500.0,,,B,B1,050318OT-11
128,control,050318OT,3,12,,,,,,,,,,,,,,,,,,,,,,,,,,,,,,,,,,,,,5.0,1,1.0,,750.0,15.0,,,2.0,Resp 3,750.0,100.0,300.0,600.0,700.0,500.0,,,A,A1,050318OT-12
129,control,050318OT,3,13,,,,,,,,,,,,,,,,,,,,,,,,,,,,,,,,,,,,,5.0,2,2.0,,500.0,9.0,,,1.0,Resp 3,750.0,100.0,300.0,600.0,700.0,500.0,,,B,B2,050318OT-13
130,control,050318OT,3,14,,,,,,,,,,,,,,,,,,,,,,,,,,,,,,,,,,,,,5.0,2,2.0,,100.0,6.0,,,1.0,Resp 3,750.0,100.0,300.0,600.0,700.0,500.0,,,B,B2,050318OT-14
131,control,050318OT,3,15,,,,,,,,,,,,,,,,,,,,,,,,,,,,,,,,,,,,,5.0,2,1.0,,100.0,12.0,,,1.0,Resp 3,750.0,100.0,300.0,600.0,700.0,500.0,,,B,B1,050318OT-15
132,control,050318OT,3,16,,,,,,,,,,,,,,,,,,,,,,,,,,,,,,,,,,,,,5.0,1,1.0,,750.0,10.0,,,2.0,Resp 3,750.0,100.0,300.0,600.0,700.0,500.0,,,A,A1,050318OT-16
133,control,050318OT,3,1,,,,,,,,,,,,,,,,,,,,,,,,,,,,,,,,,,,,,6.0,2,2.0,,600.0,8.0,,,1.0,Resp 4,700.0,200.0,200.0,700.0,600.0,600.0,,,B,B2,050318OT-1
134,control,050318OT,3,2,,,,,,,,,,,,,,,,,,,,,,,,,,,,,,,,,,,,,6.0,1,1.0,,700.0,4.0,,,2.0,Resp 4,700.0,200.0,200.0,700.0,600.0,600.0,,,A,A1,050318OT-2
135,control,050318OT,3,3,,,,,,,,,,,,,,,,,,,,,,,,,,,,,,,,,,,,,6.0,2,2.0,,200.0,16.0,,,1.0,Resp 4,700.0,200.0,200.0,700.0,600.0,600.0,,,B,B2,050318OT-3
136,control,050318OT,3,4,,,,,,,,,,,,,,,,,,,,,,,,,,,,,,,,,,,,,6.0,2,2.0,,200.0,2.0,,,1.0,Resp 4,700.0,200.0,200.0,700.0,600.0,600.0,,,B,B2,050318OT-4
137,control,050318OT,3,5,,,,,,,,,,,,,,,,,,,,,,,,,,,,,,,,,,,,,6.0,2,2.0,,600.0,14.0,,,1.0,Resp 4,700.0,200.0,200.0,700.0,600.0,600.0,,,B,B2,050318OT-5
138,control,050318OT,3,6,,,,,,,,,,,,,,,,,,,,,,,,,,,,,,,,,,,,,6.0,1,2.0,,600.0,15.0,,,2.0,Resp 4,700.0,200.0,200.0,700.0,600.0,600.0,,,A,A2,050318OT-6
139,control,050318OT,3,7,,,,,,,,,,,,,,,,,,,,,,,,,,,,,,,,,,,,,6.0,2,2.0,,600.0,13.0,,,1.0,Resp 4,700.0,200.0,200.0,700.0,600.0,600.0,,,B,B2,050318OT-7
140,control,050318OT,3,8,,,,,,,,,,,,,,,,,,,,,,,,,,,,,,,,,,,,,6.0,1,2.0,,600.0,1.0,,,2.0,Resp 4,700.0,200.0,200.0,700.0,600.0,600.0,,,A,A2,050318OT-8
141,control,050318OT,3,9,,,,,,,,,,,,,,,,,,,,,,,,,,,,,,,,,,,,,6.0,2,2.0,,200.0,12.0,,,1.0,Resp 4,700.0,200.0,200.0,700.0,600.0,600.0,,,B,B2,050318OT-9
142,control,050318OT,3,10,,,,,,,,,,,,,,,,,,,,,,,,,,,,,,,,,,,,,6.0,1,1.0,,700.0,11.0,,,2.0,Resp 4,700.0,200.0,200.0,700.0,600.0,600.0,,,A,A1,050318OT-10
143,control,050318OT,3,11,,,,,,,,,,,,,,,,,,,,,,,,,,,,,,,,,,,,,6.0,2,1.0,,200.0,10.0,,,1.0,Resp 4,700.0,200.0,200.0,700.0,600.0,600.0,,,B,B1,050318OT-11
144,control,050318OT,3,12,,,,,,,,,,,,,,,,,,,,,,,,,,,,,,,,,,,,,6.0,1,1.0,,700.0,9.0,,,2.0,Resp 4,700.0,200.0,200.0,700.0,600.0,600.0,,,A,A1,050318OT-12
145,control,050318OT,3,13,,,,,,,,,,,,,,,,,,,,,,,,,,,,,,,,,,,,,6.0,1,2.0,,600.0,7.0,,,2.0,Resp 4,700.0,200.0,200.0,700.0,600.0,600.0,,,A,A2,050318OT-13
146,control,050318OT,3,14,,,,,,,,,,,,,,,,,,,,,,,,,,,,,,,,,,,,,6.0,1,2.0,,600.0,5.0,,,2.0,Resp 4,700.0,200.0,200.0,700.0,600.0,600.0,,,A,A2,050318OT-14
147,control,050318OT,3,15,,,,,,,,,,,,,,,,,,,,,,,,,,,,,,,,,,,,,6.0,2,2.0,,600.0,6.0,,,1.0,Resp 4,700.0,200.0,200.0,700.0,600.0,600.0,,,B,B2,050318OT-15
148,control,050318OT,3,16,,,,,,,,,,,,,,,,,,,,,,,,,,,,,,,,,,,,,6.0,1,1.0,,700.0,3.0,,,2.0,Resp 4,700.0,200.0,200.0,700.0,600.0,600.0,,,A,A1,050318OT-16
165,control,050319OR,3,1,,,,,,,,,,,,,,,,,,,,,,,,,,,,,,,,,,,,,1.0,2,2.0,,400.0,12.0,,,1.0,Dict 1,,,400.0,400.0,750.0,400.0,,,B,B2,050319OR-1
166,control,050319OR,3,2,,,,,,,,,,,,,,,,,,,,,,,,,,,,,,,,,,,,,1.0,2,1.0,,400.0,8.0,,,1.0,Dict 1,,,400.0,400.0,750.0,400.0,,,B,B1,050319OR-2
167,control,050319OR,3,3,,,,,,,,,,,,,,,,,,,,,,,,,,,,,,,,,,,,,1.0,2,2.0,,400.0,9.0,,,1.0,Dict 1,,,400.0,400.0,750.0,400.0,,,B,B2,050319OR-3
168,control,050319OR,3,6,,,,,,,,,,,,,,,,,,,,,,,,,,,,,,,,,,,,,1.0,2,2.0,,400.0,15.0,,,1.0,Dict 1,,,400.0,400.0,750.0,400.0,,,B,B2,050319OR-6
169,control,050319OR,3,7,,,,,,,,,,,,,,,,,,,,,,,,,,,,,,,,,,,,,1.0,2,2.0,,400.0,4.0,,,1.0,Dict 1,,,400.0,400.0,750.0,400.0,,,B,B2,050319OR-7
170,control,050319OR,3,10,,,,,,,,,,,,,,,,,,,,,,,,,,,,,,,,,,,,,1.0,2,2.0,,400.0,5.0,,,1.0,Dict 1,,,400.0,400.0,750.0,400.0,,,B,B2,050319OR-10
171,control,050319OR,3,13,,,,,,,,,,,,,,,,,,,,,,,,,,,,,,,,,,,,,1.0,2,1.0,,400.0,11.0,,,1.0,Dict 1,,,400.0,400.0,750.0,400.0,,,B,B1,050319OR-13
172,control,050319OR,3,16,,,,,,,,,,,,,,,,,,,,,,,,,,,,,,,,,,,,,1.0,2,1.0,,400.0,14.0,,,1.0,Dict 1,,,400.0,400.0,750.0,400.0,,,B,B1,050319OR-16
181,control,050319OR,3,1,,,,,,,,,,,,,,,,,,,,,,,,,,,,,,,,,,,,,3.0,1,2.0,,750.0,2.0,,,2.0,Resp 1a,750.0,0.0,400.0,400.0,750.0,400.0,,,A,A2,050319OR-1
182,control,050319OR,3,2,,,,,,,,,,,,,,,,,,,,,,,,,,,,,,,,,,,,,3.0,2,2.0,,400.0,1.0,,,1.0,Resp 1a,750.0,0.0,400.0,400.0,750.0,400.0,,,B,B2,050319OR-2
183,control,050319OR,3,3,,,,,,,,,,,,,,,,,,,,,,,,,,,,,,,,,,,,,3.0,1,2.0,,750.0,8.0,,,2.0,Resp 1a,750.0,0.0,400.0,400.0,750.0,400.0,,,A,A2,050319OR-3
184,control,050319OR,3,4,,,,,,,,,,,,,,,,,,,,,,,,,,,,,,,,,,,,,3.0,2,2.0,,400.0,15.0,,,1.0,Resp 1a,750.0,0.0,400.0,400.0,750.0,400.0,,,B,B2,050319OR-4
185,control,050319OR,3,5,,,,,,,,,,,,,,,,,,,,,,,,,,,,,,,,,,,,,3.0,2,1.0,,400.0,7.0,,,1.0,Resp 1a,750.0,0.0,400.0,400.0,750.0,400.0,,,B,B1,050319OR-5
186,control,050319OR,3,6,,,,,,,,,,,,,,,,,,,,,,,,,,,,,,,,,,,,,3.0,2,2.0,,0.0,14.0,,,1.0,Resp 1a,750.0,0.0,400.0,400.0,750.0,400.0,,,B,B2,050319OR-6
187,control,050319OR,3,7,,,,,,,,,,,,,,,,,,,,,,,,,,,,,,,,,,,,,3.0,1,2.0,,400.0,5.0,,,2.0,Resp 1a,750.0,0.0,400.0,400.0,750.0,400.0,,,A,A2,050319OR-7
188,control,050319OR,3,8,,,,,,,,,,,,,,,,,,,,,,,,,,,,,,,,,,,,,3.0,2,2.0,,400.0,3.0,,,1.0,Resp 1a,750.0,0.0,400.0,400.0,750.0,400.0,,,B,B2,050319OR-8
189,control,050319OR,3,9,,,,,,,,,,,,,,,,,,,,,,,,,,,,,,,,,,,,,3.0,1,1.0,,750.0,13.0,,,2.0,Resp 1a,750.0,0.0,400.0,400.0,750.0,400.0,,,A,A1,050319OR-9
190,control,050319OR,3,10,,,,,,,,,,,,,,,,,,,,,,,,,,,,,,,,,,,,,3.0,2,2.0,,400.0,16.0,,,1.0,Resp 1a,750.0,0.0,400.0,400.0,750.0,400.0,,,B,B2,050319OR-10
191,control,050319OR,3,11,,,,,,,,,,,,,,,,,,,,,,,,,,,,,,,,,,,,,3.0,1,2.0,,400.0,12.0,,,2.0,Resp 1a,750.0,0.0,400.0,400.0,750.0,400.0,,,A,A2,050319OR-11
192,control,050319OR,3,12,,,,,,,,,,,,,,,,,,,,,,,,,,,,,,,,,,,,,3.0,2,1.0,,400.0,11.0,,,1.0,Resp 1a,750.0,0.0,400.0,400.0,750.0,400.0,,,B,B1,050319OR-12
193,control,050319OR,3,13,,,,,,,,,,,,,,,,,,,,,,,,,,,,,,,,,,,,,3.0,2,1.0,,0.0,9.0,,,1.0,Resp 1a,750.0,0.0,400.0,400.0,750.0,400.0,,,B,B1,050319OR-13
194,control,050319OR,3,14,,,,,,,,,,,,,,,,,,,,,,,,,,,,,,,,,,,,,3.0,1,1.0,,750.0,6.0,,,2.0,Resp 1a,750.0,0.0,400.0,400.0,750.0,400.0,,,A,A1,050319OR-14
195,control,050319OR,3,15,,,,,,,,,,,,,,,,,,,,,,,,,,,,,,,,,,,,,3.0,1,2.0,,750.0,4.0,,,2.0,Resp 1a,750.0,0.0,400.0,400.0,750.0,400.0,,,A,A2,050319OR-15
196,control,050319OR,3,16,,,,,,,,,,,,,,,,,,,,,,,,,,,,,,,,,,,,,3.0,1,2.0,,750.0,10.0,,,2.0,Resp 1a,750.0,0.0,400.0,400.0,750.0,400.0,,,A,A2,050319OR-16
197,control,050319OR,3,1,,,,,,,,,,,,,,,,,,,,,,,,,,,,,,,,,,,,,4.0,2,2.0,,400.0,7.0,,,1.0,Resp 5a,800.0,0.0,0.0,800.0,400.0,400.0,,,B,B2,050319OR-1
198,control,050319OR,3,2,,,,,,,,,,,,,,,,,,,,,,,,,,,,,,,,,,,,,4.0,2,1.0,,800.0,16.0,,,1.0,Resp 5a,800.0,0.0,0.0,800.0,400.0,400.0,,,B,B1,050319OR-2
199,control,050319OR,3,3,,,,,,,,,,,,,,,,,,,,,,,,,,,,,,,,,,,,,4.0,1,1.0,,800.0,5.0,,,2.0,Resp 5a,800.0,0.0,0.0,800.0,400.0,400.0,,,A,A1,050319OR-3
200,control,050319OR,3,4,,,,,,,,,,,,,,,,,,,,,,,,,,,,,,,,,,,,,4.0,1,2.0,,0.0,13.0,,,2.0,Resp 5a,800.0,0.0,0.0,800.0,400.0,400.0,,,A,A2,050319OR-4
201,control,050319OR,3,5,,,,,,,,,,,,,,,,,,,,,,,,,,,,,,,,,,,,,4.0,2,2.0,,0.0,3.0,,,1.0,Resp 5a,800.0,0.0,0.0,800.0,400.0,400.0,,,B,B2,050319OR-5
202,control,050319OR,3,6,,,,,,,,,,,,,,,,,,,,,,,,,,,,,,,,,,,,,4.0,2,2.0,,0.0,12.0,,,1.0,Resp 5a,800.0,0.0,0.0,800.0,400.0,400.0,,,B,B2,050319OR-6
203,control,050319OR,3,7,,,,,,,,,,,,,,,,,,,,,,,,,,,,,,,,,,,,,4.0,1,2.0,,400.0,1.0,,,2.0,Resp 5a,800.0,0.0,0.0,800.0,400.0,400.0,,,A,A2,050319OR-7
204,control,050319OR,3,8,,,,,,,,,,,,,,,,,,,,,,,,,,,,,,,,,,,,,4.0,2,2.0,,0.0,15.0,,,1.0,Resp 5a,800.0,0.0,0.0,800.0,400.0,400.0,,,B,B2,050319OR-8
205,control,050319OR,3,9,,,,,,,,,,,,,,,,,,,,,,,,,,,,,,,,,,,,,4.0,2,1.0,,0.0,14.0,,,1.0,Resp 5a,800.0,0.0,0.0,800.0,400.0,400.0,,,B,B1,050319OR-9
206,control,050319OR,3,10,,,,,,,,,,,,,,,,,,,,,,,,,,,,,,,,,,,,,4.0,2,2.0,,0.0,11.0,,,1.0,Resp 5a,800.0,0.0,0.0,800.0,400.0,400.0,,,B,B2,050319OR-10
207,control,050319OR,3,11,,,,,,,,,,,,,,,,,,,,,,,,,,,,,,,,,,,,,4.0,1,1.0,,800.0,10.0,,,2.0,Resp 5a,800.0,0.0,0.0,800.0,400.0,400.0,,,A,A1,050319OR-11
208,control,050319OR,3,12,,,,,,,,,,,,,,,,,,,,,,,,,,,,,,,,,,,,,4.0,1,1.0,,800.0,6.0,,,2.0,Resp 5a,800.0,0.0,0.0,800.0,400.0,400.0,,,A,A1,050319OR-12
209,control,050319OR,3,13,,,,,,,,,,,,,,,,,,,,,,,,,,,,,,,,,,,,,4.0,2,1.0,,800.0,4.0,,,1.0,Resp 5a,800.0,0.0,0.0,800.0,400.0,400.0,,,B,B1,050319OR-13
210,control,050319OR,3,14,,,,,,,,,,,,,,,,,,,,,,,,,,,,,,,,,,,,,4.0,1,1.0,,800.0,9.0,,,2.0,Resp 5a,800.0,0.0,0.0,800.0,400.0,400.0,,,A,A1,050319OR-14
211,control,050319OR,3,15,,,,,,,,,,,,,,,,,,,,,,,,,,,,,,,,,,,,,4.0,1,1.0,,800.0,8.0,,,2.0,Resp 5a,800.0,0.0,0.0,800.0,400.0,400.0,,,A,A1,050319OR-15
212,control,050319OR,3,16,,,,,,,,,,,,,,,,,,,,,,,,,,,,,,,,,,,,,4.0,1,2.0,,0.0,2.0,,,2.0,Resp 5a,800.0,0.0,0.0,800.0,400.0,400.0,,,A,A2,050319OR-16
261,control,050325PO,3,1,,,,,,,,,,,,,,,,,,,,,,,,,,,,,,,,,,,,,1.0,2,2.0,,375.0,4.0,,,1.0,Dict 2,,,400.0,400.0,750.0,375.0,,,B,B2,050325PO-1
262,control,050325PO,3,7,,,,,,,,,,,,,,,,,,,,,,,,,,,,,,,,,,,,,1.0,2,1.0,,400.0,2.0,,,1.0,Dict 2,,,400.0,400.0,750.0,375.0,,,B,B1,050325PO-7
263,control,050325PO,3,10,,,,,,,,,,,,,,,,,,,,,,,,,,,,,,,,,,,,,1.0,2,1.0,,400.0,8.0,,,1.0,Dict 2,,,400.0,400.0,750.0,375.0,,,B,B1,050325PO-10
264,control,050325PO,3,11,,,,,,,,,,,,,,,,,,,,,,,,,,,,,,,,,,,,,1.0,2,1.0,,400.0,5.0,,,1.0,Dict 2,,,400.0,400.0,750.0,375.0,,,B,B1,050325PO-11
265,control,050325PO,3,12,,,,,,,,,,,,,,,,,,,,,,,,,,,,,,,,,,,,,1.0,2,2.0,,375.0,3.0,,,1.0,Dict 2,,,400.0,400.0,750.0,375.0,,,B,B2,050325PO-12
266,control,050325PO,3,14,,,,,,,,,,,,,,,,,,,,,,,,,,,,,,,,,,,,,1.0,2,1.0,,400.0,9.0,,,1.0,Dict 2,,,400.0,400.0,750.0,375.0,,,B,B1,050325PO-14
267,control,050325PO,3,15,,,,,,,,,,,,,,,,,,,,,,,,,,,,,,,,,,,,,1.0,2,1.0,,400.0,13.0,,,1.0,Dict 2,,,400.0,400.0,750.0,375.0,,,B,B1,050325PO-15
268,control,050325PO,3,16,,,,,,,,,,,,,,,,,,,,,,,,,,,,,,,,,,,,,1.0,2,1.0,,400.0,6.0,,,1.0,Dict 2,,,400.0,400.0,750.0,375.0,,,B,B1,050325PO-16
285,control,050325PO,3,1,,,,,,,,,,,,,,,,,,,,,,,,,,,,,,,,,,,,,4.0,1,1.0,,750.0,7.0,,,2.0,Resp 2a,750.0,0.0,400.0,400.0,750.0,375.0,,,A,A1,050325PO-1
286,control,050325PO,3,2,,,,,,,,,,,,,,,,,,,,,,,,,,,,,,,,,,,,,4.0,1,1.0,,750.0,16.0,,,2.0,Resp 2a,750.0,0.0,400.0,400.0,750.0,375.0,,,A,A1,050325PO-2
287,control,050325PO,3,3,,,,,,,,,,,,,,,,,,,,,,,,,,,,,,,,,,,,,4.0,1,1.0,,750.0,5.0,,,2.0,Resp 2a,750.0,0.0,400.0,400.0,750.0,375.0,,,A,A1,050325PO-3
288,control,050325PO,3,4,,,,,,,,,,,,,,,,,,,,,,,,,,,,,,,,,,,,,4.0,2,1.0,,400.0,9.0,,,1.0,Resp 2a,750.0,0.0,400.0,400.0,750.0,375.0,,,B,B1,050325PO-4
289,control,050325PO,3,5,,,,,,,,,,,,,,,,,,,,,,,,,,,,,,,,,,,,,4.0,2,2.0,,0.0,3.0,,,1.0,Resp 2a,750.0,0.0,400.0,400.0,750.0,375.0,,,B,B2,050325PO-5
290,control,050325PO,3,6,,,,,,,,,,,,,,,,,,,,,,,,,,,,,,,,,,,,,4.0,2,1.0,,0.0,10.0,,,1.0,Resp 2a,750.0,0.0,400.0,400.0,750.0,375.0,,,B,B1,050325PO-6
291,control,050325PO,3,7,,,,,,,,,,,,,,,,,,,,,,,,,,,,,,,,,,,,,4.0,2,1.0,,0.0,1.0,,,1.0,Resp 2a,750.0,0.0,400.0,400.0,750.0,375.0,,,B,B1,050325PO-7
292,control,050325PO,3,8,,,,,,,,,,,,,,,,,,,,,,,,,,,,,,,,,,,,,4.0,2,1.0,,400.0,12.0,,,1.0,Resp 2a,750.0,0.0,400.0,400.0,750.0,375.0,,,B,B1,050325PO-8
293,control,050325PO,3,9,,,,,,,,,,,,,,,,,,,,,,,,,,,,,,,,,,,,,4.0,1,2.0,,400.0,4.0,,,2.0,Resp 2a,750.0,0.0,400.0,400.0,750.0,375.0,,,A,A2,050325PO-9
294,control,050325PO,3,10,,,,,,,,,,,,,,,,,,,,,,,,,,,,,,,,,,,,,4.0,1,1.0,,750.0,6.0,,,2.0,Resp 2a,750.0,0.0,400.0,400.0,750.0,375.0,,,A,A1,050325PO-10
295,control,050325PO,3,11,,,,,,,,,,,,,,,,,,,,,,,,,,,,,,,,,,,,,4.0,1,2.0,,750.0,13.0,,,2.0,Resp 2a,750.0,0.0,400.0,400.0,750.0,375.0,,,A,A2,050325PO-11
296,control,050325PO,3,12,,,,,,,,,,,,,,,,,,,,,,,,,,,,,,,,,,,,,4.0,1,2.0,,400.0,8.0,,,2.0,Resp 2a,750.0,0.0,400.0,400.0,750.0,375.0,,,A,A2,050325PO-12
297,control,050325PO,3,13,,,,,,,,,,,,,,,,,,,,,,,,,,,,,,,,,,,,,4.0,2,2.0,,375.0,11.0,,,1.0,Resp 2a,750.0,0.0,400.0,400.0,750.0,375.0,,,B,B2,050325PO-13
298,control,050325PO,3,14,,,,,,,,,,,,,,,,,,,,,,,,,,,,,,,,,,,,,4.0,1,1.0,,750.0,15.0,,,2.0,Resp 2a,750.0,0.0,400.0,400.0,750.0,375.0,,,A,A1,050325PO-14
299,control,050325PO,3,15,,,,,,,,,,,,,,,,,,,,,,,,,,,,,,,,,,,,,4.0,2,1.0,,0.0,14.0,,,1.0,Resp 2a,750.0,0.0,400.0,400.0,750.0,375.0,,,B,B1,050325PO-15
300,control,050325PO,3,16,,,,,,,,,,,,,,,,,,,,,,,,,,,,,,,,,,,,,4.0,2,1.0,,0.0,2.0,,,1.0,Resp 2a,750.0,0.0,400.0,400.0,750.0,375.0,,,B,B1,050325PO-16
301,control,050325PO,3,1,,,,,,,,,,,,,,,,,,,,,,,,,,,,,,,,,,,,,5.0,2,1.0,,600.0,12.0,,,1.0,Resp 3,750.0,100.0,300.0,600.0,700.0,500.0,,,B,B1,050325PO-1
302,control,050325PO,3,2,,,,,,,,,,,,,,,,,,,,,,,,,,,,,,,,,,,,,5.0,1,1.0,,750.0,5.0,,,2.0,Resp 3,750.0,100.0,300.0,600.0,700.0,500.0,,,A,A1,050325PO-2
303,control,050325PO,3,3,,,,,,,,,,,,,,,,,,,,,,,,,,,,,,,,,,,,,5.0,1,1.0,,750.0,4.0,,,2.0,Resp 3,750.0,100.0,300.0,600.0,700.0,500.0,,,A,A1,050325PO-3
304,control,050325PO,3,4,,,,,,,,,,,,,,,,,,,,,,,,,,,,,,,,,,,,,5.0,2,2.0,,100.0,3.0,,,1.0,Resp 3,750.0,100.0,300.0,600.0,700.0,500.0,,,B,B2,050325PO-4
305,control,050325PO,3,5,,,,,,,,,,,,,,,,,,,,,,,,,,,,,,,,,,,,,5.0,2,1.0,,100.0,2.0,,,1.0,Resp 3,750.0,100.0,300.0,600.0,700.0,500.0,,,B,B1,050325PO-5
306,control,050325PO,3,6,,,,,,,,,,,,,,,,,,,,,,,,,,,,,,,,,,,,,5.0,2,1.0,,100.0,13.0,,,1.0,Resp 3,750.0,100.0,300.0,600.0,700.0,500.0,,,B,B1,050325PO-6
307,control,050325PO,3,7,,,,,,,,,,,,,,,,,,,,,,,,,,,,,,,,,,,,,5.0,1,1.0,,750.0,11.0,,,2.0,Resp 3,750.0,100.0,300.0,600.0,700.0,500.0,,,A,A1,050325PO-7
308,control,050325PO,3,8,,,,,,,,,,,,,,,,,,,,,,,,,,,,,,,,,,,,,5.0,2,1.0,,100.0,14.0,,,1.0,Resp 3,750.0,100.0,300.0,600.0,700.0,500.0,,,B,B1,050325PO-8
309,control,050325PO,3,9,,,,,,,,,,,,,,,,,,,,,,,,,,,,,,,,,,,,,5.0,2,2.0,,100.0,10.0,,,1.0,Resp 3,750.0,100.0,300.0,600.0,700.0,500.0,,,B,B2,050325PO-9
310,control,050325PO,3,10,,,,,,,,,,,,,,,,,,,,,,,,,,,,,,,,,,,,,5.0,1,1.0,,750.0,9.0,,,2.0,Resp 3,750.0,100.0,300.0,600.0,700.0,500.0,,,A,A1,050325PO-10
311,control,050325PO,3,11,,,,,,,,,,,,,,,,,,,,,,,,,,,,,,,,,,,,,5.0,2,2.0,,100.0,7.0,,,1.0,Resp 3,750.0,100.0,300.0,600.0,700.0,500.0,,,B,B2,050325PO-11
312,control,050325PO,3,12,,,,,,,,,,,,,,,,,,,,,,,,,,,,,,,,,,,,,5.0,1,2.0,,300.0,1.0,,,2.0,Resp 3,750.0,100.0,300.0,600.0,700.0,500.0,,,A,A2,050325PO-12
313,control,050325PO,3,13,,,,,,,,,,,,,,,,,,,,,,,,,,,,,,,,,,,,,5.0,1,1.0,,750.0,6.0,,,2.0,Resp 3,750.0,100.0,300.0,600.0,700.0,500.0,,,A,A1,050325PO-13
314,control,050325PO,3,14,,,,,,,,,,,,,,,,,,,,,,,,,,,,,,,,,,,,,5.0,1,1.0,,750.0,8.0,,,2.0,Resp 3,750.0,100.0,300.0,600.0,700.0,500.0,,,A,A1,050325PO-14
315,control,050325PO,3,15,,,,,,,,,,,,,,,,,,,,,,,,,,,,,,,,,,,,,5.0,1,1.0,,750.0,16.0,,,2.0,Resp 3,750.0,100.0,300.0,600.0,700.0,500.0,,,A,A1,050325PO-15
316,control,050325PO,3,16,,,,,,,,,,,,,,,,,,,,,,,,,,,,,,,,,,,,,5.0,2,2.0,,100.0,15.0,,,1.0,Resp 3,750.0,100.0,300.0,600.0,700.0,500.0,,,B,B2,050325PO-16
317,control,050325PO,3,1,,,,,,,,,,,,,,,,,,,,,,,,,,,,,,,,,,,,,6.0,2,2.0,,200.0,14.0,,,1.0,Resp 4,700.0,200.0,200.0,700.0,600.0,600.0,,,B,B2,050325PO-1
318,control,050325PO,3,2,,,,,,,,,,,,,,,,,,,,,,,,,,,,,,,,,,,,,6.0,1,1.0,,700.0,4.0,,,2.0,Resp 4,700.0,200.0,200.0,700.0,600.0,600.0,,,A,A1,050325PO-2
319,control,050325PO,3,3,,,,,,,,,,,,,,,,,,,,,,,,,,,,,,,,,,,,,6.0,1,2.0,,600.0,10.0,,,2.0,Resp 4,700.0,200.0,200.0,700.0,600.0,600.0,,,A,A2,050325PO-3
320,control,050325PO,3,4,,,,,,,,,,,,,,,,,,,,,,,,,,,,,,,,,,,,,6.0,2,2.0,,200.0,2.0,,,1.0,Resp 4,700.0,200.0,200.0,700.0,600.0,600.0,,,B,B2,050325PO-4
321,control,050325PO,3,5,,,,,,,,,,,,,,,,,,,,,,,,,,,,,,,,,,,,,6.0,1,1.0,,700.0,15.0,,,2.0,Resp 4,700.0,200.0,200.0,700.0,600.0,600.0,,,A,A1,050325PO-5
322,control,050325PO,3,6,,,,,,,,,,,,,,,,,,,,,,,,,,,,,,,,,,,,,6.0,2,2.0,,600.0,7.0,,,1.0,Resp 4,700.0,200.0,200.0,700.0,600.0,600.0,,,B,B2,050325PO-6
323,control,050325PO,3,7,,,,,,,,,,,,,,,,,,,,,,,,,,,,,,,,,,,,,6.0,1,2.0,,600.0,6.0,,,2.0,Resp 4,700.0,200.0,200.0,700.0,600.0,600.0,,,A,A2,050325PO-7
324,control,050325PO,3,8,,,,,,,,,,,,,,,,,,,,,,,,,,,,,,,,,,,,,6.0,2,2.0,,600.0,16.0,,,1.0,Resp 4,700.0,200.0,200.0,700.0,600.0,600.0,,,B,B2,050325PO-8
325,control,050325PO,3,9,,,,,,,,,,,,,,,,,,,,,,,,,,,,,,,,,,,,,6.0,2,2.0,,600.0,13.0,,,1.0,Resp 4,700.0,200.0,200.0,700.0,600.0,600.0,,,B,B2,050325PO-9
326,control,050325PO,3,10,,,,,,,,,,,,,,,,,,,,,,,,,,,,,,,,,,,,,6.0,2,2.0,,600.0,3.0,,,1.0,Resp 4,700.0,200.0,200.0,700.0,600.0,600.0,,,B,B2,050325PO-10
327,control,050325PO,3,11,,,,,,,,,,,,,,,,,,,,,,,,,,,,,,,,,,,,,6.0,1,2.0,,600.0,12.0,,,2.0,Resp 4,700.0,200.0,200.0,700.0,600.0,600.0,,,A,A2,050325PO-11
328,control,050325PO,3,12,,,,,,,,,,,,,,,,,,,,,,,,,,,,,,,,,,,,,6.0,2,2.0,,600.0,11.0,,,1.0,Resp 4,700.0,200.0,200.0,700.0,600.0,600.0,,,B,B2,050325PO-12
329,control,050325PO,3,13,,,,,,,,,,,,,,,,,,,,,,,,,,,,,,,,,,,,,6.0,1,2.0,,600.0,9.0,,,2.0,Resp 4,700.0,200.0,200.0,700.0,600.0,600.0,,,A,A2,050325PO-13
330,control,050325PO,3,14,,,,,,,,,,,,,,,,,,,,,,,,,,,,,,,,,,,,,6.0,1,1.0,,700.0,1.0,,,2.0,Resp 4,700.0,200.0,200.0,700.0,600.0,600.0,,,A,A1,050325PO-14
331,control,050325PO,3,15,,,,,,,,,,,,,,,,,,,,,,,,,,,,,,,,,,,,,6.0,2,2.0,,200.0,5.0,,,1.0,Resp 4,700.0,200.0,200.0,700.0,600.0,600.0,,,B,B2,050325PO-15
332,control,050325PO,3,16,,,,,,,,,,,,,,,,,,,,,,,,,,,,,,,,,,,,,6.0,1,2.0,,600.0,8.0,,,2.0,Resp 4,700.0,200.0,200.0,700.0,600.0,600.0,,,A,A2,050325PO-16
349,control,050326P3,3,2,,,,,,,,,,,,,,,,,,,,,,,,,,,,,,,,,,,,,1.0,2,1.0,,400.0,6.0,,,1.0,Dict 2,,,400.0,400.0,750.0,375.0,,,B,B1,050326P3-2
350,control,050326P3,3,3,,,,,,,,,,,,,,,,,,,,,,,,,,,,,,,,,,,,,1.0,2,1.0,,400.0,11.0,,,1.0,Dict 2,,,400.0,400.0,750.0,375.0,,,B,B1,050326P3-3
351,control,050326P3,3,4,,,,,,,,,,,,,,,,,,,,,,,,,,,,,,,,,,,,,1.0,2,1.0,,400.0,5.0,,,1.0,Dict 2,,,400.0,400.0,750.0,375.0,,,B,B1,050326P3-4
352,control,050326P3,3,7,,,,,,,,,,,,,,,,,,,,,,,,,,,,,,,,,,,,,1.0,2,1.0,,400.0,1.0,,,1.0,Dict 2,,,400.0,400.0,750.0,375.0,,,B,B1,050326P3-7
353,control,050326P3,3,9,,,,,,,,,,,,,,,,,,,,,,,,,,,,,,,,,,,,,1.0,2,1.0,,400.0,8.0,,,1.0,Dict 2,,,400.0,400.0,750.0,375.0,,,B,B1,050326P3-9
354,control,050326P3,3,10,,,,,,,,,,,,,,,,,,,,,,,,,,,,,,,,,,,,,1.0,2,1.0,,400.0,12.0,,,1.0,Dict 2,,,400.0,400.0,750.0,375.0,,,B,B1,050326P3-10
367,control,050326P3,3,1,,,,,,,,,,,,,,,,,,,,,,,,,,,,,,,,,,,,,4.0,2,1.0,,400.0,9.0,,,1.0,Resp 2a,750.0,0.0,400.0,400.0,750.0,375.0,,,B,B1,050326P3-1
368,control,050326P3,3,2,,,,,,,,,,,,,,,,,,,,,,,,,,,,,,,,,,,,,4.0,2,1.0,,0.0,5.0,,,1.0,Resp 2a,750.0,0.0,400.0,400.0,750.0,375.0,,,B,B1,050326P3-2
369,control,050326P3,3,3,,,,,,,,,,,,,,,,,,,,,,,,,,,,,,,,,,,,,4.0,1,1.0,,750.0,12.0,,,2.0,Resp 2a,750.0,0.0,400.0,400.0,750.0,375.0,,,A,A1,050326P3-3
370,control,050326P3,3,4,,,,,,,,,,,,,,,,,,,,,,,,,,,,,,,,,,,,,4.0,1,1.0,,750.0,6.0,,,2.0,Resp 2a,750.0,0.0,400.0,400.0,750.0,375.0,,,A,A1,050326P3-4
371,control,050326P3,3,5,,,,,,,,,,,,,,,,,,,,,,,,,,,,,,,,,,,,,4.0,1,1.0,,750.0,2.0,,,2.0,Resp 2a,750.0,0.0,400.0,400.0,750.0,375.0,,,A,A1,050326P3-5
372,control,050326P3,3,6,,,,,,,,,,,,,,,,,,,,,,,,,,,,,,,,,,,,,4.0,2,2.0,,0.0,4.0,,,1.0,Resp 2a,750.0,0.0,400.0,400.0,750.0,375.0,,,B,B2,050326P3-6
373,control,050326P3,3,7,,,,,,,,,,,,,,,,,,,,,,,,,,,,,,,,,,,,,4.0,2,1.0,,0.0,8.0,,,1.0,Resp 2a,750.0,0.0,400.0,400.0,750.0,375.0,,,B,B1,050326P3-7
374,control,050326P3,3,8,,,,,,,,,,,,,,,,,,,,,,,,,,,,,,,,,,,,,4.0,1,1.0,,750.0,7.0,,,2.0,Resp 2a,750.0,0.0,400.0,400.0,750.0,375.0,,,A,A1,050326P3-8
375,control,050326P3,3,9,,,,,,,,,,,,,,,,,,,,,,,,,,,,,,,,,,,,,4.0,1,2.0,,400.0,1.0,,,2.0,Resp 2a,750.0,0.0,400.0,400.0,750.0,375.0,,,A,A2,050326P3-9
376,control,050326P3,3,10,,,,,,,,,,,,,,,,,,,,,,,,,,,,,,,,,,,,,4.0,1,1.0,,750.0,11.0,,,2.0,Resp 2a,750.0,0.0,400.0,400.0,750.0,375.0,,,A,A1,050326P3-10
377,control,050326P3,3,11,,,,,,,,,,,,,,,,,,,,,,,,,,,,,,,,,,,,,4.0,2,1.0,,0.0,10.0,,,1.0,Resp 2a,750.0,0.0,400.0,400.0,750.0,375.0,,,B,B1,050326P3-11
378,control,050326P3,3,12,,,,,,,,,,,,,,,,,,,,,,,,,,,,,,,,,,,,,4.0,2,1.0,,0.0,3.0,,,1.0,Resp 2a,750.0,0.0,400.0,400.0,750.0,375.0,,,B,B1,050326P3-12
379,control,050326P3,3,1,,,,,,,,,,,,,,,,,,,,,,,,,,,,,,,,,,,,,5.0,1,1.0,,750.0,6.0,,,2.0,Resp 3,750.0,100.0,300.0,600.0,700.0,500.0,,,A,A1,050326P3-1
380,control,050326P3,3,2,,,,,,,,,,,,,,,,,,,,,,,,,,,,,,,,,,,,,5.0,1,1.0,,750.0,10.0,,,2.0,Resp 3,750.0,100.0,300.0,600.0,700.0,500.0,,,A,A1,050326P3-2
381,control,050326P3,3,3,,,,,,,,,,,,,,,,,,,,,,,,,,,,,,,,,,,,,5.0,1,1.0,,750.0,4.0,,,2.0,Resp 3,750.0,100.0,300.0,600.0,700.0,500.0,,,A,A1,050326P3-3
382,control,050326P3,3,4,,,,,,,,,,,,,,,,,,,,,,,,,,,,,,,,,,,,,5.0,2,1.0,,100.0,3.0,,,1.0,Resp 3,750.0,100.0,300.0,600.0,700.0,500.0,,,B,B1,050326P3-4
383,control,050326P3,3,5,,,,,,,,,,,,,,,,,,,,,,,,,,,,,,,,,,,,,5.0,2,1.0,,100.0,8.0,,,1.0,Resp 3,750.0,100.0,300.0,600.0,700.0,500.0,,,B,B1,050326P3-5
384,control,050326P3,3,6,,,,,,,,,,,,,,,,,,,,,,,,,,,,,,,,,,,,,5.0,2,2.0,,100.0,1.0,,,1.0,Resp 3,750.0,100.0,300.0,600.0,700.0,500.0,,,B,B2,050326P3-6
385,control,050326P3,3,7,,,,,,,,,,,,,,,,,,,,,,,,,,,,,,,,,,,,,5.0,2,1.0,,100.0,12.0,,,1.0,Resp 3,750.0,100.0,300.0,600.0,700.0,500.0,,,B,B1,050326P3-7
386,control,050326P3,3,8,,,,,,,,,,,,,,,,,,,,,,,,,,,,,,,,,,,,,5.0,1,1.0,,750.0,5.0,,,2.0,Resp 3,750.0,100.0,300.0,600.0,700.0,500.0,,,A,A1,050326P3-8
387,control,050326P3,3,9,,,,,,,,,,,,,,,,,,,,,,,,,,,,,,,,,,,,,5.0,1,1.0,,750.0,11.0,,,2.0,Resp 3,750.0,100.0,300.0,600.0,700.0,500.0,,,A,A1,050326P3-9
388,control,050326P3,3,10,,,,,,,,,,,,,,,,,,,,,,,,,,,,,,,,,,,,,5.0,2,2.0,,100.0,2.0,,,1.0,Resp 3,750.0,100.0,300.0,600.0,700.0,500.0,,,B,B2,050326P3-10
389,control,050326P3,3,11,,,,,,,,,,,,,,,,,,,,,,,,,,,,,,,,,,,,,5.0,2,2.0,,100.0,9.0,,,1.0,Resp 3,750.0,100.0,300.0,600.0,700.0,500.0,,,B,B2,050326P3-11
390,control,050326P3,3,12,,,,,,,,,,,,,,,,,,,,,,,,,,,,,,,,,,,,,5.0,1,1.0,,750.0,7.0,,,2.0,Resp 3,750.0,100.0,300.0,600.0,700.0,500.0,,,A,A1,050326P3-12
391,control,050326P3,3,1,,,,,,,,,,,,,,,,,,,,,,,,,,,,,,,,,,,,,6.0,1,1.0,,700.0,3.0,,,2.0,Resp 4,700.0,200.0,200.0,700.0,600.0,600.0,,,A,A1,050326P3-1
392,control,050326P3,3,2,,,,,,,,,,,,,,,,,,,,,,,,,,,,,,,,,,,,,6.0,2,1.0,,200.0,9.0,,,1.0,Resp 4,700.0,200.0,200.0,700.0,600.0,600.0,,,B,B1,050326P3-2
393,control,050326P3,3,3,,,,,,,,,,,,,,,,,,,,,,,,,,,,,,,,,,,,,6.0,2,1.0,,200.0,1.0,,,1.0,Resp 4,700.0,200.0,200.0,700.0,600.0,600.0,,,B,B1,050326P3-3
394,control,050326P3,3,4,,,,,,,,,,,,,,,,,,,,,,,,,,,,,,,,,,,,,6.0,2,1.0,,200.0,7.0,,,1.0,Resp 4,700.0,200.0,200.0,700.0,600.0,600.0,,,B,B1,050326P3-4
395,control,050326P3,3,5,,,,,,,,,,,,,,,,,,,,,,,,,,,,,,,,,,,,,6.0,2,1.0,,200.0,12.0,,,1.0,Resp 4,700.0,200.0,200.0,700.0,600.0,600.0,,,B,B1,050326P3-5
396,control,050326P3,3,6,,,,,,,,,,,,,,,,,,,,,,,,,,,,,,,,,,,,,6.0,2,2.0,,600.0,11.0,,,1.0,Resp 4,700.0,200.0,200.0,700.0,600.0,600.0,,,B,B2,050326P3-6
397,control,050326P3,3,7,,,,,,,,,,,,,,,,,,,,,,,,,,,,,,,,,,,,,6.0,1,1.0,,700.0,4.0,,,2.0,Resp 4,700.0,200.0,200.0,700.0,600.0,600.0,,,A,A1,050326P3-7
398,control,050326P3,3,8,,,,,,,,,,,,,,,,,,,,,,,,,,,,,,,,,,,,,6.0,1,1.0,,700.0,10.0,,,2.0,Resp 4,700.0,200.0,200.0,700.0,600.0,600.0,,,A,A1,050326P3-8
399,control,050326P3,3,9,,,,,,,,,,,,,,,,,,,,,,,,,,,,,,,,,,,,,6.0,1,1.0,,700.0,2.0,,,2.0,Resp 4,700.0,200.0,200.0,700.0,600.0,600.0,,,A,A1,050326P3-9
400,control,050326P3,3,10,,,,,,,,,,,,,,,,,,,,,,,,,,,,,,,,,,,,,6.0,2,2.0,,200.0,8.0,,,1.0,Resp 4,700.0,200.0,200.0,700.0,600.0,600.0,,,B,B2,050326P3-10
401,control,050326P3,3,11,,,,,,,,,,,,,,,,,,,,,,,,,,,,,,,,,,,,,6.0,1,2.0,,600.0,6.0,,,2.0,Resp 4,700.0,200.0,200.0,700.0,600.0,600.0,,,A,A2,050326P3-11
402,control,050326P3,3,12,,,,,,,,,,,,,,,,,,,,,,,,,,,,,,,,,,,,,6.0,1,1.0,,700.0,5.0,,,2.0,Resp 4,700.0,200.0,200.0,700.0,600.0,600.0,,,A,A1,050326P3-12
415,control,050401QD,3,1,,,,,,,,,,,,,,,,,,,,,,,,,,,,,,,,,,,,,1.0,2,2.0,,400.0,10.0,,,1.0,Dict 1,,,400.0,400.0,750.0,400.0,,,B,B2,050401QD-1
416,control,050401QD,3,4,,,,,,,,,,,,,,,,,,,,,,,,,,,,,,,,,,,,,1.0,2,2.0,,400.0,7.0,,,1.0,Dict 1,,,400.0,400.0,750.0,400.0,,,B,B2,050401QD-4
417,control,050401QD,3,5,,,,,,,,,,,,,,,,,,,,,,,,,,,,,,,,,,,,,1.0,2,2.0,,400.0,2.0,,,1.0,Dict 1,,,400.0,400.0,750.0,400.0,,,B,B2,050401QD-5
418,control,050401QD,3,8,,,,,,,,,,,,,,,,,,,,,,,,,,,,,,,,,,,,,1.0,2,1.0,,400.0,6.0,,,1.0,Dict 1,,,400.0,400.0,750.0,400.0,,,B,B1,050401QD-8
419,control,050401QD,3,9,,,,,,,,,,,,,,,,,,,,,,,,,,,,,,,,,,,,,1.0,2,1.0,,400.0,3.0,,,1.0,Dict 1,,,400.0,400.0,750.0,400.0,,,B,B1,050401QD-9
420,control,050401QD,3,12,,,,,,,,,,,,,,,,,,,,,,,,,,,,,,,,,,,,,1.0,2,2.0,,400.0,11.0,,,1.0,Dict 1,,,400.0,400.0,750.0,400.0,,,B,B2,050401QD-12
421,control,050401QD,3,13,,,,,,,,,,,,,,,,,,,,,,,,,,,,,,,,,,,,,1.0,2,2.0,,400.0,14.0,,,1.0,Dict 1,,,400.0,400.0,750.0,400.0,,,B,B2,050401QD-13
429,control,050401QD,3,1,,,,,,,,,,,,,,,,,,,,,,,,,,,,,,,,,,,,,3.0,1,2.0,,750.0,7.0,,,2.0,Resp 1a,750.0,0.0,400.0,400.0,750.0,400.0,,,A,A2,050401QD-1
430,control,050401QD,3,2,,,,,,,,,,,,,,,,,,,,,,,,,,,,,,,,,,,,,3.0,1,2.0,,400.0,9.0,,,2.0,Resp 1a,750.0,0.0,400.0,400.0,750.0,400.0,,,A,A2,050401QD-2
431,control,050401QD,3,3,,,,,,,,,,,,,,,,,,,,,,,,,,,,,,,,,,,,,3.0,2,2.0,,0.0,6.0,,,1.0,Resp 1a,750.0,0.0,400.0,400.0,750.0,400.0,,,B,B2,050401QD-3
432,control,050401QD,3,4,,,,,,,,,,,,,,,,,,,,,,,,,,,,,,,,,,,,,3.0,2,2.0,,400.0,12.0,,,1.0,Resp 1a,750.0,0.0,400.0,400.0,750.0,400.0,,,B,B2,050401QD-4
433,control,050401QD,3,5,,,,,,,,,,,,,,,,,,,,,,,,,,,,,,,,,,,,,3.0,1,1.0,,750.0,10.0,,,2.0,Resp 1a,750.0,0.0,400.0,400.0,750.0,400.0,,,A,A1,050401QD-5
434,control,050401QD,3,6,,,,,,,,,,,,,,,,,,,,,,,,,,,,,,,,,,,,,3.0,1,1.0,,750.0,3.0,,,2.0,Resp 1a,750.0,0.0,400.0,400.0,750.0,400.0,,,A,A1,050401QD-6
435,control,050401QD,3,7,,,,,,,,,,,,,,,,,,,,,,,,,,,,,,,,,,,,,3.0,2,2.0,,400.0,1.0,,,1.0,Resp 1a,750.0,0.0,400.0,400.0,750.0,400.0,,,B,B2,050401QD-7
436,control,050401QD,3,8,,,,,,,,,,,,,,,,,,,,,,,,,,,,,,,,,,,,,3.0,1,2.0,,750.0,13.0,,,2.0,Resp 1a,750.0,0.0,400.0,400.0,750.0,400.0,,,A,A2,050401QD-8
437,control,050401QD,3,9,,,,,,,,,,,,,,,,,,,,,,,,,,,,,,,,,,,,,3.0,2,1.0,,400.0,2.0,,,1.0,Resp 1a,750.0,0.0,400.0,400.0,750.0,400.0,,,B,B1,050401QD-9
438,control,050401QD,3,10,,,,,,,,,,,,,,,,,,,,,,,,,,,,,,,,,,,,,3.0,2,2.0,,0.0,5.0,,,1.0,Resp 1a,750.0,0.0,400.0,400.0,750.0,400.0,,,B,B2,050401QD-10
439,control,050401QD,3,11,,,,,,,,,,,,,,,,,,,,,,,,,,,,,,,,,,,,,3.0,2,1.0,,400.0,14.0,,,1.0,Resp 1a,750.0,0.0,400.0,400.0,750.0,400.0,,,B,B1,050401QD-11
440,control,050401QD,3,12,,,,,,,,,,,,,,,,,,,,,,,,,,,,,,,,,,,,,3.0,1,2.0,,750.0,4.0,,,2.0,Resp 1a,750.0,0.0,400.0,400.0,750.0,400.0,,,A,A2,050401QD-12
441,control,050401QD,3,13,,,,,,,,,,,,,,,,,,,,,,,,,,,,,,,,,,,,,3.0,2,2.0,,400.0,8.0,,,1.0,Resp 1a,750.0,0.0,400.0,400.0,750.0,400.0,,,B,B2,050401QD-13
442,control,050401QD,3,14,,,,,,,,,,,,,,,,,,,,,,,,,,,,,,,,,,,,,3.0,1,2.0,,400.0,11.0,,,2.0,Resp 1a,750.0,0.0,400.0,400.0,750.0,400.0,,,A,A2,050401QD-14
443,control,050401QD,3,1,,,,,,,,,,,,,,,,,,,,,,,,,,,,,,,,,,,,,4.0,1,1.0,,800.0,3.0,,,2.0,Resp 5a,800.0,0.0,0.0,800.0,400.0,400.0,,,A,A1,050401QD-1
444,control,050401QD,3,2,,,,,,,,,,,,,,,,,,,,,,,,,,,,,,,,,,,,,4.0,2,2.0,,400.0,4.0,,,1.0,Resp 5a,800.0,0.0,0.0,800.0,400.0,400.0,,,B,B2,050401QD-2
445,control,050401QD,3,3,,,,,,,,,,,,,,,,,,,,,,,,,,,,,,,,,,,,,4.0,2,2.0,,0.0,1.0,,,1.0,Resp 5a,800.0,0.0,0.0,800.0,400.0,400.0,,,B,B2,050401QD-3
446,control,050401QD,3,4,,,,,,,,,,,,,,,,,,,,,,,,,,,,,,,,,,,,,4.0,1,2.0,,400.0,2.0,,,2.0,Resp 5a,800.0,0.0,0.0,800.0,400.0,400.0,,,A,A2,050401QD-4
447,control,050401QD,3,5,,,,,,,,,,,,,,,,,,,,,,,,,,,,,,,,,,,,,4.0,1,1.0,,800.0,8.0,,,2.0,Resp 5a,800.0,0.0,0.0,800.0,400.0,400.0,,,A,A1,050401QD-5
448,control,050401QD,3,6,,,,,,,,,,,,,,,,,,,,,,,,,,,,,,,,,,,,,4.0,1,1.0,,800.0,12.0,,,2.0,Resp 5a,800.0,0.0,0.0,800.0,400.0,400.0,,,A,A1,050401QD-6
449,control,050401QD,3,7,,,,,,,,,,,,,,,,,,,,,,,,,,,,,,,,,,,,,4.0,2,2.0,,0.0,13.0,,,1.0,Resp 5a,800.0,0.0,0.0,800.0,400.0,400.0,,,B,B2,050401QD-7
450,control,050401QD,3,8,,,,,,,,,,,,,,,,,,,,,,,,,,,,,,,,,,,,,4.0,2,1.0,,0.0,5.0,,,1.0,Resp 5a,800.0,0.0,0.0,800.0,400.0,400.0,,,B,B1,050401QD-8
451,control,050401QD,3,9,,,,,,,,,,,,,,,,,,,,,,,,,,,,,,,,,,,,,4.0,1,1.0,,800.0,14.0,,,2.0,Resp 5a,800.0,0.0,0.0,800.0,400.0,400.0,,,A,A1,050401QD-9
452,control,050401QD,3,10,,,,,,,,,,,,,,,,,,,,,,,,,,,,,,,,,,,,,4.0,2,1.0,,0.0,11.0,,,1.0,Resp 5a,800.0,0.0,0.0,800.0,400.0,400.0,,,B,B1,050401QD-10
453,control,050401QD,3,11,,,,,,,,,,,,,,,,,,,,,,,,,,,,,,,,,,,,,4.0,1,1.0,,800.0,10.0,,,2.0,Resp 5a,800.0,0.0,0.0,800.0,400.0,400.0,,,A,A1,050401QD-11
454,control,050401QD,3,12,,,,,,,,,,,,,,,,,,,,,,,,,,,,,,,,,,,,,4.0,2,2.0,,0.0,6.0,,,1.0,Resp 5a,800.0,0.0,0.0,800.0,400.0,400.0,,,B,B2,050401QD-12
455,control,050401QD,3,13,,,,,,,,,,,,,,,,,,,,,,,,,,,,,,,,,,,,,4.0,1,1.0,,800.0,7.0,,,2.0,Resp 5a,800.0,0.0,0.0,800.0,400.0,400.0,,,A,A1,050401QD-13
456,control,050401QD,3,14,,,,,,,,,,,,,,,,,,,,,,,,,,,,,,,,,,,,,4.0,2,1.0,,0.0,9.0,,,1.0,Resp 5a,800.0,0.0,0.0,800.0,400.0,400.0,,,B,B1,050401QD-14
499,control,050722O6,3,1,,,,,,,,,,,,,,,,,,,,,,,,,,,,,,,,,,,,,1.0,1,2.0,,125.0,12.0,,,2.0,Resp 6,100.0,1000.0,75.0,125.0,125.0,125.0,,,A,A2,050722O6-1
500,control,050722O6,3,2,,,,,,,,,,,,,,,,,,,,,,,,,,,,,,,,,,,,,1.0,1,2.0,,125.0,5.0,,,2.0,Resp 6,100.0,1000.0,75.0,125.0,125.0,125.0,,,A,A2,050722O6-2
501,control,050722O6,3,3,,,,,,,,,,,,,,,,,,,,,,,,,,,,,,,,,,,,,1.0,2,2.0,,1000.0,6.0,,,1.0,Resp 6,100.0,1000.0,75.0,125.0,125.0,125.0,,,B,B2,050722O6-3
502,control,050722O6,3,4,,,,,,,,,,,,,,,,,,,,,,,,,,,,,,,,,,,,,1.0,1,2.0,,125.0,14.0,,,2.0,Resp 6,100.0,1000.0,75.0,125.0,125.0,125.0,,,A,A2,050722O6-4
503,control,050722O6,3,5,,,,,,,,,,,,,,,,,,,,,,,,,,,,,,,,,,,,,1.0,2,2.0,,125.0,2.0,,,1.0,Resp 6,100.0,1000.0,75.0,125.0,125.0,125.0,,,B,B2,050722O6-5
504,control,050722O6,3,6,,,,,,,,,,,,,,,,,,,,,,,,,,,,,,,,,,,,,1.0,1,1.0,,100.0,3.0,,,2.0,Resp 6,100.0,1000.0,75.0,125.0,125.0,125.0,,,A,A1,050722O6-6
505,control,050722O6,3,7,,,,,,,,,,,,,,,,,,,,,,,,,,,,,,,,,,,,,1.0,1,2.0,,75.0,9.0,,,2.0,Resp 6,100.0,1000.0,75.0,125.0,125.0,125.0,,,A,A2,050722O6-7
506,control,050722O6,3,8,,,,,,,,,,,,,,,,,,,,,,,,,,,,,,,,,,,,,1.0,2,2.0,,125.0,13.0,,,1.0,Resp 6,100.0,1000.0,75.0,125.0,125.0,125.0,,,B,B2,050722O6-8
507,control,050722O6,3,9,,,,,,,,,,,,,,,,,,,,,,,,,,,,,,,,,,,,,1.0,2,1.0,,125.0,7.0,,,1.0,Resp 6,100.0,1000.0,75.0,125.0,125.0,125.0,,,B,B1,050722O6-9
508,control,050722O6,3,10,,,,,,,,,,,,,,,,,,,,,,,,,,,,,,,,,,,,,1.0,1,2.0,,125.0,11.0,,,2.0,Resp 6,100.0,1000.0,75.0,125.0,125.0,125.0,,,A,A2,050722O6-10
509,control,050722O6,3,11,,,,,,,,,,,,,,,,,,,,,,,,,,,,,,,,,,,,,1.0,2,2.0,,125.0,10.0,,,1.0,Resp 6,100.0,1000.0,75.0,125.0,125.0,125.0,,,B,B2,050722O6-11
510,control,050722O6,3,12,,,,,,,,,,,,,,,,,,,,,,,,,,,,,,,,,,,,,1.0,2,2.0,,125.0,1.0,,,1.0,Resp 6,100.0,1000.0,75.0,125.0,125.0,125.0,,,B,B2,050722O6-12
511,control,050722O6,3,13,,,,,,,,,,,,,,,,,,,,,,,,,,,,,,,,,,,,,1.0,1,2.0,,125.0,8.0,,,2.0,Resp 6,100.0,1000.0,75.0,125.0,125.0,125.0,,,A,A2,050722O6-13
512,control,050722O6,3,14,,,,,,,,,,,,,,,,,,,,,,,,,,,,,,,,,,,,,1.0,2,2.0,,125.0,4.0,,,1.0,Resp 6,100.0,1000.0,75.0,125.0,125.0,125.0,,,B,B2,050722O6-14
513,control,050722O6,3,1,,,,,,,,,,,,,,,,,,,,,,,,,,,,,,,,,,,,,2.0,1,1.0,,725.0,13.0,,,2.0,Resp 8,725.0,0.0,400.0,400.0,750.0,375.0,,,A,A1,050722O6-1
514,control,050722O6,3,2,,,,,,,,,,,,,,,,,,,,,,,,,,,,,,,,,,,,,2.0,1,2.0,,400.0,12.0,,,2.0,Resp 8,725.0,0.0,400.0,400.0,750.0,375.0,,,A,A2,050722O6-2
515,control,050722O6,3,3,,,,,,,,,,,,,,,,,,,,,,,,,,,,,,,,,,,,,2.0,1,1.0,,725.0,11.0,,,2.0,Resp 8,725.0,0.0,400.0,400.0,750.0,375.0,,,A,A1,050722O6-3
516,control,050722O6,3,4,,,,,,,,,,,,,,,,,,,,,,,,,,,,,,,,,,,,,2.0,2,1.0,,0.0,7.0,,,1.0,Resp 8,725.0,0.0,400.0,400.0,750.0,375.0,,,B,B1,050722O6-4
517,control,050722O6,3,5,,,,,,,,,,,,,,,,,,,,,,,,,,,,,,,,,,,,,2.0,2,1.0,,0.0,6.0,,,1.0,Resp 8,725.0,0.0,400.0,400.0,750.0,375.0,,,B,B1,050722O6-5
518,control,050722O6,3,6,,,,,,,,,,,,,,,,,,,,,,,,,,,,,,,,,,,,,2.0,1,1.0,,725.0,5.0,,,2.0,Resp 8,725.0,0.0,400.0,400.0,750.0,375.0,,,A,A1,050722O6-6
519,control,050722O6,3,7,,,,,,,,,,,,,,,,,,,,,,,,,,,,,,,,,,,,,2.0,1,1.0,,725.0,4.0,,,2.0,Resp 8,725.0,0.0,400.0,400.0,750.0,375.0,,,A,A1,050722O6-7
520,control,050722O6,3,8,,,,,,,,,,,,,,,,,,,,,,,,,,,,,,,,,,,,,2.0,2,1.0,,400.0,14.0,,,1.0,Resp 8,725.0,0.0,400.0,400.0,750.0,375.0,,,B,B1,050722O6-8
521,control,050722O6,3,9,,,,,,,,,,,,,,,,,,,,,,,,,,,,,,,,,,,,,2.0,1,1.0,,725.0,10.0,,,2.0,Resp 8,725.0,0.0,400.0,400.0,750.0,375.0,,,A,A1,050722O6-9
522,control,050722O6,3,10,,,,,,,,,,,,,,,,,,,,,,,,,,,,,,,,,,,,,2.0,2,1.0,,0.0,9.0,,,1.0,Resp 8,725.0,0.0,400.0,400.0,750.0,375.0,,,B,B1,050722O6-10
523,control,050722O6,3,11,,,,,,,,,,,,,,,,,,,,,,,,,,,,,,,,,,,,,2.0,2,1.0,,0.0,3.0,,,1.0,Resp 8,725.0,0.0,400.0,400.0,750.0,375.0,,,B,B1,050722O6-11
524,control,050722O6,3,12,,,,,,,,,,,,,,,,,,,,,,,,,,,,,,,,,,,,,2.0,2,1.0,,400.0,2.0,,,1.0,Resp 8,725.0,0.0,400.0,400.0,750.0,375.0,,,B,B1,050722O6-12
525,control,050722O6,3,13,,,,,,,,,,,,,,,,,,,,,,,,,,,,,,,,,,,,,2.0,2,2.0,,0.0,1.0,,,1.0,Resp 8,725.0,0.0,400.0,400.0,750.0,375.0,,,B,B2,050722O6-13
526,control,050722O6,3,14,,,,,,,,,,,,,,,,,,,,,,,,,,,,,,,,,,,,,2.0,1,2.0,,400.0,8.0,,,2.0,Resp 8,725.0,0.0,400.0,400.0,750.0,375.0,,,A,A2,050722O6-14
527,control,050722O6,3,1,,,,,,,,,,,,,,,,,,,,,,,,,,,,,,,,,,,,,3.0,1,1.0,,450.0,14.0,,,2.0,Resp 7,450.0,900.0,200.0,400.0,400.0,400.0,,,A,A1,050722O6-1
528,control,050722O6,3,2,,,,,,,,,,,,,,,,,,,,,,,,,,,,,,,,,,,,,3.0,2,1.0,,900.0,13.0,,,1.0,Resp 7,450.0,900.0,200.0,400.0,400.0,400.0,,,B,B1,050722O6-2
529,control,050722O6,3,3,,,,,,,,,,,,,,,,,,,,,,,,,,,,,,,,,,,,,3.0,2,2.0,,400.0,9.0,,,1.0,Resp 7,450.0,900.0,200.0,400.0,400.0,400.0,,,B,B2,050722O6-3
530,control,050722O6,3,4,,,,,,,,,,,,,,,,,,,,,,,,,,,,,,,,,,,,,3.0,2,2.0,,900.0,10.0,,,1.0,Resp 7,450.0,900.0,200.0,400.0,400.0,400.0,,,B,B2,050722O6-4
531,control,050722O6,3,5,,,,,,,,,,,,,,,,,,,,,,,,,,,,,,,,,,,,,3.0,2,2.0,,400.0,11.0,,,1.0,Resp 7,450.0,900.0,200.0,400.0,400.0,400.0,,,B,B2,050722O6-5
532,control,050722O6,3,6,,,,,,,,,,,,,,,,,,,,,,,,,,,,,,,,,,,,,3.0,1,1.0,,450.0,12.0,,,2.0,Resp 7,450.0,900.0,200.0,400.0,400.0,400.0,,,A,A1,050722O6-6
533,control,050722O6,3,7,,,,,,,,,,,,,,,,,,,,,,,,,,,,,,,,,,,,,3.0,2,2.0,,900.0,8.0,,,1.0,Resp 7,450.0,900.0,200.0,400.0,400.0,400.0,,,B,B2,050722O6-7
534,control,050722O6,3,8,,,,,,,,,,,,,,,,,,,,,,,,,,,,,,,,,,,,,3.0,1,1.0,,450.0,7.0,,,2.0,Resp 7,450.0,900.0,200.0,400.0,400.0,400.0,,,A,A1,050722O6-8
535,control,050722O6,3,9,,,,,,,,,,,,,,,,,,,,,,,,,,,,,,,,,,,,,3.0,1,2.0,,400.0,3.0,,,2.0,Resp 7,450.0,900.0,200.0,400.0,400.0,400.0,,,A,A2,050722O6-9
536,control,050722O6,3,10,,,,,,,,,,,,,,,,,,,,,,,,,,,,,,,,,,,,,3.0,1,1.0,,450.0,4.0,,,2.0,Resp 7,450.0,900.0,200.0,400.0,400.0,400.0,,,A,A1,050722O6-10
537,control,050722O6,3,11,,,,,,,,,,,,,,,,,,,,,,,,,,,,,,,,,,,,,3.0,1,2.0,,400.0,5.0,,,2.0,Resp 7,450.0,900.0,200.0,400.0,400.0,400.0,,,A,A2,050722O6-11
538,control,050722O6,3,12,,,,,,,,,,,,,,,,,,,,,,,,,,,,,,,,,,,,,3.0,2,2.0,,900.0,6.0,,,1.0,Resp 7,450.0,900.0,200.0,400.0,400.0,400.0,,,B,B2,050722O6-12
539,control,050722O6,3,13,,,,,,,,,,,,,,,,,,,,,,,,,,,,,,,,,,,,,3.0,1,1.0,,450.0,2.0,,,2.0,Resp 7,450.0,900.0,200.0,400.0,400.0,400.0,,,A,A1,050722O6-13
540,control,050722O6,3,14,,,,,,,,,,,,,,,,,,,,,,,,,,,,,,,,,,,,,3.0,2,2.0,,900.0,1.0,,,1.0,Resp 7,450.0,900.0,200.0,400.0,400.0,400.0,,,B,B2,050722O6-14
541,control,050722O6,3,1,,,,,,,,,,,,,,,,,,,,,,,,,,,,,,,,,,,,,4.0,2,1.0,,0.0,7.0,,,1.0,Resp 9,450.0,0.0,350.0,450.0,450.0,350.0,,,B,B1,050722O6-1
542,control,050722O6,3,2,,,,,,,,,,,,,,,,,,,,,,,,,,,,,,,,,,,,,4.0,1,1.0,,450.0,14.0,,,2.0,Resp 9,450.0,0.0,350.0,450.0,450.0,350.0,,,A,A1,050722O6-2
543,control,050722O6,3,3,,,,,,,,,,,,,,,,,,,,,,,,,,,,,,,,,,,,,4.0,1,1.0,,450.0,4.0,,,2.0,Resp 9,450.0,0.0,350.0,450.0,450.0,350.0,,,A,A1,050722O6-3
544,control,050722O6,3,4,,,,,,,,,,,,,,,,,,,,,,,,,,,,,,,,,,,,,4.0,2,1.0,,0.0,3.0,,,1.0,Resp 9,450.0,0.0,350.0,450.0,450.0,350.0,,,B,B1,050722O6-4
545,control,050722O6,3,5,,,,,,,,,,,,,,,,,,,,,,,,,,,,,,,,,,,,,4.0,1,2.0,,350.0,9.0,,,2.0,Resp 9,450.0,0.0,350.0,450.0,450.0,350.0,,,A,A2,050722O6-5
546,control,050722O6,3,6,,,,,,,,,,,,,,,,,,,,,,,,,,,,,,,,,,,,,4.0,2,1.0,,0.0,13.0,,,1.0,Resp 9,450.0,0.0,350.0,450.0,450.0,350.0,,,B,B1,050722O6-6
547,control,050722O6,3,7,,,,,,,,,,,,,,,,,,,,,,,,,,,,,,,,,,,,,4.0,1,1.0,,450.0,1.0,,,2.0,Resp 9,450.0,0.0,350.0,450.0,450.0,350.0,,,A,A1,050722O6-7
548,control,050722O6,3,8,,,,,,,,,,,,,,,,,,,,,,,,,,,,,,,,,,,,,4.0,2,1.0,,0.0,10.0,,,1.0,Resp 9,450.0,0.0,350.0,450.0,450.0,350.0,,,B,B1,050722O6-8
549,control,050722O6,3,9,,,,,,,,,,,,,,,,,,,,,,,,,,,,,,,,,,,,,4.0,2,1.0,,450.0,5.0,,,1.0,Resp 9,450.0,0.0,350.0,450.0,450.0,350.0,,,B,B1,050722O6-9
550,control,050722O6,3,10,,,,,,,,,,,,,,,,,,,,,,,,,,,,,,,,,,,,,4.0,1,1.0,,450.0,8.0,,,2.0,Resp 9,450.0,0.0,350.0,450.0,450.0,350.0,,,A,A1,050722O6-10
551,control,050722O6,3,11,,,,,,,,,,,,,,,,,,,,,,,,,,,,,,,,,,,,,4.0,2,1.0,,0.0,12.0,,,1.0,Resp 9,450.0,0.0,350.0,450.0,450.0,350.0,,,B,B1,050722O6-11
552,control,050722O6,3,12,,,,,,,,,,,,,,,,,,,,,,,,,,,,,,,,,,,,,4.0,1,1.0,,450.0,11.0,,,2.0,Resp 9,450.0,0.0,350.0,450.0,450.0,350.0,,,A,A1,050722O6-12
553,control,050722O6,3,13,,,,,,,,,,,,,,,,,,,,,,,,,,,,,,,,,,,,,4.0,1,1.0,,450.0,6.0,,,2.0,Resp 9,450.0,0.0,350.0,450.0,450.0,350.0,,,A,A1,050722O6-13
554,control,050722O6,3,14,,,,,,,,,,,,,,,,,,,,,,,,,,,,,,,,,,,,,4.0,2,1.0,,0.0,2.0,,,1.0,Resp 9,450.0,0.0,350.0,450.0,450.0,350.0,,,B,B1,050722O6-14
583,control,050722O6,3,1,,,,,,,,,,,,,,,,,,,,,,,,,,,,,,,,,,,,,7.0,2,1.0,,750.0,5.0,,,1.0,Resp 13a,750.0,750.0,800.0,200.0,0.0,0.0,,,B,B1,050722O6-1
584,control,050722O6,3,2,,,,,,,,,,,,,,,,,,,,,,,,,,,,,,,,,,,,,7.0,1,1.0,,750.0,3.0,,,2.0,Resp 13a,750.0,750.0,800.0,200.0,0.0,0.0,,,A,A1,050722O6-2
585,control,050722O6,3,3,,,,,,,,,,,,,,,,,,,,,,,,,,,,,,,,,,,,,7.0,2,1.0,,750.0,2.0,,,1.0,Resp 13a,750.0,750.0,800.0,200.0,0.0,0.0,,,B,B1,050722O6-3
586,control,050722O6,3,4,,,,,,,,,,,,,,,,,,,,,,,,,,,,,,,,,,,,,7.0,2,1.0,,750.0,13.0,,,1.0,Resp 13a,750.0,750.0,800.0,200.0,0.0,0.0,,,B,B1,050722O6-4
587,control,050722O6,3,5,,,,,,,,,,,,,,,,,,,,,,,,,,,,,,,,,,,,,7.0,1,1.0,,750.0,1.0,,,2.0,Resp 13a,750.0,750.0,800.0,200.0,0.0,0.0,,,A,A1,050722O6-5
588,control,050722O6,3,6,,,,,,,,,,,,,,,,,,,,,,,,,,,,,,,,,,,,,7.0,2,2.0,,750.0,10.0,,,1.0,Resp 13a,750.0,750.0,800.0,200.0,0.0,0.0,,,B,B2,050722O6-6
589,control,050722O6,3,7,,,,,,,,,,,,,,,,,,,,,,,,,,,,,,,,,,,,,7.0,1,1.0,,750.0,11.0,,,2.0,Resp 13a,750.0,750.0,800.0,200.0,0.0,0.0,,,A,A1,050722O6-7
590,control,050722O6,3,8,,,,,,,,,,,,,,,,,,,,,,,,,,,,,,,,,,,,,7.0,2,1.0,,750.0,12.0,,,1.0,Resp 13a,750.0,750.0,800.0,200.0,0.0,0.0,,,B,B1,050722O6-8
591,control,050722O6,3,9,,,,,,,,,,,,,,,,,,,,,,,,,,,,,,,,,,,,,7.0,1,1.0,,750.0,14.0,,,2.0,Resp 13a,750.0,750.0,800.0,200.0,0.0,0.0,,,A,A1,050722O6-9
592,control,050722O6,3,10,,,,,,,,,,,,,,,,,,,,,,,,,,,,,,,,,,,,,7.0,1,1.0,,750.0,6.0,,,2.0,Resp 13a,750.0,750.0,800.0,200.0,0.0,0.0,,,A,A1,050722O6-10
593,control,050722O6,3,11,,,,,,,,,,,,,,,,,,,,,,,,,,,,,,,,,,,,,7.0,2,1.0,,750.0,7.0,,,1.0,Resp 13a,750.0,750.0,800.0,200.0,0.0,0.0,,,B,B1,050722O6-11
594,control,050722O6,3,12,,,,,,,,,,,,,,,,,,,,,,,,,,,,,,,,,,,,,7.0,1,1.0,,750.0,8.0,,,2.0,Resp 13a,750.0,750.0,800.0,200.0,0.0,0.0,,,A,A1,050722O6-12
595,control,050722O6,3,13,,,,,,,,,,,,,,,,,,,,,,,,,,,,,,,,,,,,,7.0,1,1.0,,750.0,4.0,,,2.0,Resp 13a,750.0,750.0,800.0,200.0,0.0,0.0,,,A,A1,050722O6-13
596,control,050722O6,3,14,,,,,,,,,,,,,,,,,,,,,,,,,,,,,,,,,,,,,7.0,2,1.0,,750.0,9.0,,,1.0,Resp 13a,750.0,750.0,800.0,200.0,0.0,0.0,,,B,B1,050722O6-14
639,control,050801LR,3,1,,,,,,,,,,,,,,,,,,,,,,,,,,,,,,,,,,,,,1.0,2,2.0,,1000.0,3.0,,,1.0,Resp 6,100.0,1000.0,75.0,125.0,125.0,125.0,,,B,B2,050801LR-1
640,control,050801LR,3,2,,,,,,,,,,,,,,,,,,,,,,,,,,,,,,,,,,,,,1.0,2,1.0,,1000.0,13.0,,,1.0,Resp 6,100.0,1000.0,75.0,125.0,125.0,125.0,,,B,B1,050801LR-2
641,control,050801LR,3,3,,,,,,,,,,,,,,,,,,,,,,,,,,,,,,,,,,,,,1.0,1,1.0,,100.0,1.0,,,2.0,Resp 6,100.0,1000.0,75.0,125.0,125.0,125.0,,,A,A1,050801LR-3
642,control,050801LR,3,4,,,,,,,,,,,,,,,,,,,,,,,,,,,,,,,,,,,,,1.0,1,2.0,,125.0,7.0,,,2.0,Resp 6,100.0,1000.0,75.0,125.0,125.0,125.0,,,A,A2,050801LR-4
643,control,050801LR,3,5,,,,,,,,,,,,,,,,,,,,,,,,,,,,,,,,,,,,,1.0,2,1.0,,1000.0,14.0,,,1.0,Resp 6,100.0,1000.0,75.0,125.0,125.0,125.0,,,B,B1,050801LR-5
644,control,050801LR,3,6,,,,,,,,,,,,,,,,,,,,,,,,,,,,,,,,,,,,,1.0,1,1.0,,100.0,8.0,,,2.0,Resp 6,100.0,1000.0,75.0,125.0,125.0,125.0,,,A,A1,050801LR-6
645,control,050801LR,3,7,,,,,,,,,,,,,,,,,,,,,,,,,,,,,,,,,,,,,1.0,2,2.0,,125.0,4.0,,,1.0,Resp 6,100.0,1000.0,75.0,125.0,125.0,125.0,,,B,B2,050801LR-7
646,control,050801LR,3,8,,,,,,,,,,,,,,,,,,,,,,,,,,,,,,,,,,,,,1.0,2,2.0,,1000.0,6.0,,,1.0,Resp 6,100.0,1000.0,75.0,125.0,125.0,125.0,,,B,B2,050801LR-8
647,control,050801LR,3,9,,,,,,,,,,,,,,,,,,,,,,,,,,,,,,,,,,,,,1.0,1,2.0,,75.0,10.0,,,2.0,Resp 6,100.0,1000.0,75.0,125.0,125.0,125.0,,,A,A2,050801LR-9
648,control,050801LR,3,10,,,,,,,,,,,,,,,,,,,,,,,,,,,,,,,,,,,,,1.0,2,1.0,,125.0,9.0,,,1.0,Resp 6,100.0,1000.0,75.0,125.0,125.0,125.0,,,B,B1,050801LR-10
649,control,050801LR,3,11,,,,,,,,,,,,,,,,,,,,,,,,,,,,,,,,,,,,,1.0,2,1.0,,1000.0,16.0,,,1.0,Resp 6,100.0,1000.0,75.0,125.0,125.0,125.0,,,B,B1,050801LR-11
650,control,050801LR,3,12,,,,,,,,,,,,,,,,,,,,,,,,,,,,,,,,,,,,,1.0,1,2.0,,125.0,15.0,,,2.0,Resp 6,100.0,1000.0,75.0,125.0,125.0,125.0,,,A,A2,050801LR-12
651,control,050801LR,3,13,,,,,,,,,,,,,,,,,,,,,,,,,,,,,,,,,,,,,1.0,1,1.0,,100.0,2.0,,,2.0,Resp 6,100.0,1000.0,75.0,125.0,125.0,125.0,,,A,A1,050801LR-13
652,control,050801LR,3,14,,,,,,,,,,,,,,,,,,,,,,,,,,,,,,,,,,,,,1.0,1,1.0,,100.0,5.0,,,2.0,Resp 6,100.0,1000.0,75.0,125.0,125.0,125.0,,,A,A1,050801LR-14
653,control,050801LR,3,15,,,,,,,,,,,,,,,,,,,,,,,,,,,,,,,,,,,,,1.0,2,2.0,,125.0,12.0,,,1.0,Resp 6,100.0,1000.0,75.0,125.0,125.0,125.0,,,B,B2,050801LR-15
654,control,050801LR,3,16,,,,,,,,,,,,,,,,,,,,,,,,,,,,,,,,,,,,,1.0,1,1.0,,100.0,11.0,,,2.0,Resp 6,100.0,1000.0,75.0,125.0,125.0,125.0,,,A,A1,050801LR-16
655,control,050801LR,3,1,,,,,,,,,,,,,,,,,,,,,,,,,,,,,,,,,,,,,2.0,1,1.0,,725.0,15.0,,,2.0,Resp 8,725.0,0.0,400.0,400.0,750.0,375.0,,,A,A1,050801LR-1
656,control,050801LR,3,2,,,,,,,,,,,,,,,,,,,,,,,,,,,,,,,,,,,,,2.0,2,1.0,,0.0,14.0,,,1.0,Resp 8,725.0,0.0,400.0,400.0,750.0,375.0,,,B,B1,050801LR-2
657,control,050801LR,3,3,,,,,,,,,,,,,,,,,,,,,,,,,,,,,,,,,,,,,2.0,1,1.0,,725.0,11.0,,,2.0,Resp 8,725.0,0.0,400.0,400.0,750.0,375.0,,,A,A1,050801LR-3
658,control,050801LR,3,4,,,,,,,,,,,,,,,,,,,,,,,,,,,,,,,,,,,,,2.0,1,2.0,,400.0,12.0,,,2.0,Resp 8,725.0,0.0,400.0,400.0,750.0,375.0,,,A,A2,050801LR-4
659,control,050801LR,3,5,,,,,,,,,,,,,,,,,,,,,,,,,,,,,,,,,,,,,2.0,1,1.0,,725.0,6.0,,,2.0,Resp 8,725.0,0.0,400.0,400.0,750.0,375.0,,,A,A1,050801LR-5
660,control,050801LR,3,6,,,,,,,,,,,,,,,,,,,,,,,,,,,,,,,,,,,,,2.0,2,1.0,,0.0,5.0,,,1.0,Resp 8,725.0,0.0,400.0,400.0,750.0,375.0,,,B,B1,050801LR-6
661,control,050801LR,3,7,,,,,,,,,,,,,,,,,,,,,,,,,,,,,,,,,,,,,2.0,2,1.0,,0.0,10.0,,,1.0,Resp 8,725.0,0.0,400.0,400.0,750.0,375.0,,,B,B1,050801LR-7
662,control,050801LR,3,8,,,,,,,,,,,,,,,,,,,,,,,,,,,,,,,,,,,,,2.0,1,1.0,,725.0,9.0,,,2.0,Resp 8,725.0,0.0,400.0,400.0,750.0,375.0,,,A,A1,050801LR-8
663,control,050801LR,3,9,,,,,,,,,,,,,,,,,,,,,,,,,,,,,,,,,,,,,2.0,2,1.0,,0.0,8.0,,,1.0,Resp 8,725.0,0.0,400.0,400.0,750.0,375.0,,,B,B1,050801LR-9
664,control,050801LR,3,10,,,,,,,,,,,,,,,,,,,,,,,,,,,,,,,,,,,,,2.0,1,1.0,,725.0,7.0,,,2.0,Resp 8,725.0,0.0,400.0,400.0,750.0,375.0,,,A,A1,050801LR-10
665,control,050801LR,3,11,,,,,,,,,,,,,,,,,,,,,,,,,,,,,,,,,,,,,2.0,2,1.0,,0.0,3.0,,,1.0,Resp 8,725.0,0.0,400.0,400.0,750.0,375.0,,,B,B1,050801LR-11
666,control,050801LR,3,12,,,,,,,,,,,,,,,,,,,,,,,,,,,,,,,,,,,,,2.0,2,1.0,,400.0,4.0,,,1.0,Resp 8,725.0,0.0,400.0,400.0,750.0,375.0,,,B,B1,050801LR-12
667,control,050801LR,3,13,,,,,,,,,,,,,,,,,,,,,,,,,,,,,,,,,,,,,2.0,1,2.0,,400.0,16.0,,,2.0,Resp 8,725.0,0.0,400.0,400.0,750.0,375.0,,,A,A2,050801LR-13
668,control,050801LR,3,14,,,,,,,,,,,,,,,,,,,,,,,,,,,,,,,,,,,,,2.0,1,1.0,,725.0,2.0,,,2.0,Resp 8,725.0,0.0,400.0,400.0,750.0,375.0,,,A,A1,050801LR-14
669,control,050801LR,3,15,,,,,,,,,,,,,,,,,,,,,,,,,,,,,,,,,,,,,2.0,2,1.0,,0.0,1.0,,,1.0,Resp 8,725.0,0.0,400.0,400.0,750.0,375.0,,,B,B1,050801LR-15
670,control,050801LR,3,16,,,,,,,,,,,,,,,,,,,,,,,,,,,,,,,,,,,,,2.0,2,1.0,,400.0,13.0,,,1.0,Resp 8,725.0,0.0,400.0,400.0,750.0,375.0,,,B,B1,050801LR-16
671,control,050801LR,3,1,,,,,,,,,,,,,,,,,,,,,,,,,,,,,,,,,,,,,3.0,1,1.0,,450.0,4.0,,,2.0,Resp 7,450.0,900.0,200.0,400.0,400.0,400.0,,,A,A1,050801LR-1
672,control,050801LR,3,2,,,,,,,,,,,,,,,,,,,,,,,,,,,,,,,,,,,,,3.0,1,1.0,,450.0,6.0,,,2.0,Resp 7,450.0,900.0,200.0,400.0,400.0,400.0,,,A,A1,050801LR-2
673,control,050801LR,3,3,,,,,,,,,,,,,,,,,,,,,,,,,,,,,,,,,,,,,3.0,1,1.0,,450.0,13.0,,,2.0,Resp 7,450.0,900.0,200.0,400.0,400.0,400.0,,,A,A1,050801LR-3
674,control,050801LR,3,4,,,,,,,,,,,,,,,,,,,,,,,,,,,,,,,,,,,,,3.0,2,2.0,,900.0,1.0,,,1.0,Resp 7,450.0,900.0,200.0,400.0,400.0,400.0,,,B,B2,050801LR-4
675,control,050801LR,3,5,,,,,,,,,,,,,,,,,,,,,,,,,,,,,,,,,,,,,3.0,2,2.0,,400.0,9.0,,,1.0,Resp 7,450.0,900.0,200.0,400.0,400.0,400.0,,,B,B2,050801LR-5
676,control,050801LR,3,6,,,,,,,,,,,,,,,,,,,,,,,,,,,,,,,,,,,,,3.0,2,2.0,,900.0,2.0,,,1.0,Resp 7,450.0,900.0,200.0,400.0,400.0,400.0,,,B,B2,050801LR-6
677,control,050801LR,3,7,,,,,,,,,,,,,,,,,,,,,,,,,,,,,,,,,,,,,3.0,2,2.0,,900.0,8.0,,,1.0,Resp 7,450.0,900.0,200.0,400.0,400.0,400.0,,,B,B2,050801LR-7
678,control,050801LR,3,8,,,,,,,,,,,,,,,,,,,,,,,,,,,,,,,,,,,,,3.0,1,1.0,,450.0,7.0,,,2.0,Resp 7,450.0,900.0,200.0,400.0,400.0,400.0,,,A,A1,050801LR-8
679,control,050801LR,3,9,,,,,,,,,,,,,,,,,,,,,,,,,,,,,,,,,,,,,3.0,1,2.0,,400.0,5.0,,,2.0,Resp 7,450.0,900.0,200.0,400.0,400.0,400.0,,,A,A2,050801LR-9
680,control,050801LR,3,10,,,,,,,,,,,,,,,,,,,,,,,,,,,,,,,,,,,,,3.0,1,2.0,,400.0,12.0,,,2.0,Resp 7,450.0,900.0,200.0,400.0,400.0,400.0,,,A,A2,050801LR-10
681,control,050801LR,3,11,,,,,,,,,,,,,,,,,,,,,,,,,,,,,,,,,,,,,3.0,1,1.0,,450.0,15.0,,,2.0,Resp 7,450.0,900.0,200.0,400.0,400.0,400.0,,,A,A1,050801LR-11
682,control,050801LR,3,12,,,,,,,,,,,,,,,,,,,,,,,,,,,,,,,,,,,,,3.0,2,2.0,,400.0,10.0,,,1.0,Resp 7,450.0,900.0,200.0,400.0,400.0,400.0,,,B,B2,050801LR-12
683,control,050801LR,3,13,,,,,,,,,,,,,,,,,,,,,,,,,,,,,,,,,,,,,3.0,2,2.0,,900.0,3.0,,,1.0,Resp 7,450.0,900.0,200.0,400.0,400.0,400.0,,,B,B2,050801LR-13
684,control,050801LR,3,14,,,,,,,,,,,,,,,,,,,,,,,,,,,,,,,,,,,,,3.0,2,1.0,,900.0,16.0,,,1.0,Resp 7,450.0,900.0,200.0,400.0,400.0,400.0,,,B,B1,050801LR-14
685,control,050801LR,3,15,,,,,,,,,,,,,,,,,,,,,,,,,,,,,,,,,,,,,3.0,2,2.0,,900.0,11.0,,,1.0,Resp 7,450.0,900.0,200.0,400.0,400.0,400.0,,,B,B2,050801LR-15
686,control,050801LR,3,16,,,,,,,,,,,,,,,,,,,,,,,,,,,,,,,,,,,,,3.0,1,1.0,,450.0,14.0,,,2.0,Resp 7,450.0,900.0,200.0,400.0,400.0,400.0,,,A,A1,050801LR-16
687,control,050801LR,3,1,,,,,,,,,,,,,,,,,,,,,,,,,,,,,,,,,,,,,4.0,1,1.0,,450.0,10.0,,,2.0,Resp 9,450.0,0.0,350.0,450.0,450.0,350.0,,,A,A1,050801LR-1
688,control,050801LR,3,2,,,,,,,,,,,,,,,,,,,,,,,,,,,,,,,,,,,,,4.0,2,1.0,,0.0,9.0,,,1.0,Resp 9,450.0,0.0,350.0,450.0,450.0,350.0,,,B,B1,050801LR-2
689,control,050801LR,3,3,,,,,,,,,,,,,,,,,,,,,,,,,,,,,,,,,,,,,4.0,2,1.0,,0.0,14.0,,,1.0,Resp 9,450.0,0.0,350.0,450.0,450.0,350.0,,,B,B1,050801LR-3
690,control,050801LR,3,4,,,,,,,,,,,,,,,,,,,,,,,,,,,,,,,,,,,,,4.0,2,1.0,,450.0,11.0,,,1.0,Resp 9,450.0,0.0,350.0,450.0,450.0,350.0,,,B,B1,050801LR-4
691,control,050801LR,3,5,,,,,,,,,,,,,,,,,,,,,,,,,,,,,,,,,,,,,4.0,2,1.0,,0.0,7.0,,,1.0,Resp 9,450.0,0.0,350.0,450.0,450.0,350.0,,,B,B1,050801LR-5
692,control,050801LR,3,6,,,,,,,,,,,,,,,,,,,,,,,,,,,,,,,,,,,,,4.0,2,1.0,,0.0,16.0,,,1.0,Resp 9,450.0,0.0,350.0,450.0,450.0,350.0,,,B,B1,050801LR-6
693,control,050801LR,3,7,,,,,,,,,,,,,,,,,,,,,,,,,,,,,,,,,,,,,4.0,1,1.0,,450.0,5.0,,,2.0,Resp 9,450.0,0.0,350.0,450.0,450.0,350.0,,,A,A1,050801LR-7
694,control,050801LR,3,8,,,,,,,,,,,,,,,,,,,,,,,,,,,,,,,,,,,,,4.0,1,1.0,,450.0,12.0,,,2.0,Resp 9,450.0,0.0,350.0,450.0,450.0,350.0,,,A,A1,050801LR-8
695,control,050801LR,3,9,,,,,,,,,,,,,,,,,,,,,,,,,,,,,,,,,,,,,4.0,1,1.0,,450.0,2.0,,,2.0,Resp 9,450.0,0.0,350.0,450.0,450.0,350.0,,,A,A1,050801LR-9
696,control,050801LR,3,10,,,,,,,,,,,,,,,,,,,,,,,,,,,,,,,,,,,,,4.0,2,2.0,,0.0,1.0,,,1.0,Resp 9,450.0,0.0,350.0,450.0,450.0,350.0,,,B,B2,050801LR-10
697,control,050801LR,3,11,,,,,,,,,,,,,,,,,,,,,,,,,,,,,,,,,,,,,4.0,1,2.0,,350.0,4.0,,,2.0,Resp 9,450.0,0.0,350.0,450.0,450.0,350.0,,,A,A2,050801LR-11
698,control,050801LR,3,12,,,,,,,,,,,,,,,,,,,,,,,,,,,,,,,,,,,,,4.0,2,1.0,,0.0,8.0,,,1.0,Resp 9,450.0,0.0,350.0,450.0,450.0,350.0,,,B,B1,050801LR-12
699,control,050801LR,3,13,,,,,,,,,,,,,,,,,,,,,,,,,,,,,,,,,,,,,4.0,1,1.0,,450.0,15.0,,,2.0,Resp 9,450.0,0.0,350.0,450.0,450.0,350.0,,,A,A1,050801LR-13
700,control,050801LR,3,14,,,,,,,,,,,,,,,,,,,,,,,,,,,,,,,,,,,,,4.0,1,1.0,,450.0,3.0,,,2.0,Resp 9,450.0,0.0,350.0,450.0,450.0,350.0,,,A,A1,050801LR-14
701,control,050801LR,3,15,,,,,,,,,,,,,,,,,,,,,,,,,,,,,,,,,,,,,4.0,2,1.0,,0.0,13.0,,,1.0,Resp 9,450.0,0.0,350.0,450.0,450.0,350.0,,,B,B1,050801LR-15
702,control,050801LR,3,16,,,,,,,,,,,,,,,,,,,,,,,,,,,,,,,,,,,,,4.0,1,1.0,,450.0,6.0,,,2.0,Resp 9,450.0,0.0,350.0,450.0,450.0,350.0,,,A,A1,050801LR-16
735,control,050801LR,3,1,,,,,,,,,,,,,,,,,,,,,,,,,,,,,,,,,,,,,7.0,1,1.0,,750.0,2.0,,,2.0,Resp 13a,750.0,750.0,800.0,200.0,0.0,0.0,,,A,A1,050801LR-1
736,control,050801LR,3,2,,,,,,,,,,,,,,,,,,,,,,,,,,,,,,,,,,,,,7.0,2,1.0,,750.0,1.0,,,1.0,Resp 13a,750.0,750.0,800.0,200.0,0.0,0.0,,,B,B1,050801LR-2
737,control,050801LR,3,3,,,,,,,,,,,,,,,,,,,,,,,,,,,,,,,,,,,,,7.0,1,1.0,,750.0,7.0,,,2.0,Resp 13a,750.0,750.0,800.0,200.0,0.0,0.0,,,A,A1,050801LR-3
738,control,050801LR,3,4,,,,,,,,,,,,,,,,,,,,,,,,,,,,,,,,,,,,,7.0,1,1.0,,750.0,6.0,,,2.0,Resp 13a,750.0,750.0,800.0,200.0,0.0,0.0,,,A,A1,050801LR-4
739,control,050801LR,3,5,,,,,,,,,,,,,,,,,,,,,,,,,,,,,,,,,,,,,7.0,1,1.0,,750.0,11.0,,,2.0,Resp 13a,750.0,750.0,800.0,200.0,0.0,0.0,,,A,A1,050801LR-5
740,control,050801LR,3,6,,,,,,,,,,,,,,,,,,,,,,,,,,,,,,,,,,,,,7.0,2,1.0,,750.0,4.0,,,1.0,Resp 13a,750.0,750.0,800.0,200.0,0.0,0.0,,,B,B1,050801LR-6
741,control,050801LR,3,7,,,,,,,,,,,,,,,,,,,,,,,,,,,,,,,,,,,,,7.0,2,1.0,,750.0,3.0,,,1.0,Resp 13a,750.0,750.0,800.0,200.0,0.0,0.0,,,B,B1,050801LR-7
742,control,050801LR,3,8,,,,,,,,,,,,,,,,,,,,,,,,,,,,,,,,,,,,,7.0,2,1.0,,750.0,13.0,,,1.0,Resp 13a,750.0,750.0,800.0,200.0,0.0,0.0,,,B,B1,050801LR-8
743,control,050801LR,3,9,,,,,,,,,,,,,,,,,,,,,,,,,,,,,,,,,,,,,7.0,1,1.0,,750.0,15.0,,,2.0,Resp 13a,750.0,750.0,800.0,200.0,0.0,0.0,,,A,A1,050801LR-9
744,control,050801LR,3,10,,,,,,,,,,,,,,,,,,,,,,,,,,,,,,,,,,,,,7.0,2,2.0,,750.0,14.0,,,1.0,Resp 13a,750.0,750.0,800.0,200.0,0.0,0.0,,,B,B2,050801LR-10
745,control,050801LR,3,11,,,,,,,,,,,,,,,,,,,,,,,,,,,,,,,,,,,,,7.0,2,1.0,,750.0,5.0,,,1.0,Resp 13a,750.0,750.0,800.0,200.0,0.0,0.0,,,B,B1,050801LR-11
746,control,050801LR,3,12,,,,,,,,,,,,,,,,,,,,,,,,,,,,,,,,,,,,,7.0,1,1.0,,750.0,16.0,,,2.0,Resp 13a,750.0,750.0,800.0,200.0,0.0,0.0,,,A,A1,050801LR-12
747,control,050801LR,3,13,,,,,,,,,,,,,,,,,,,,,,,,,,,,,,,,,,,,,7.0,1,1.0,,750.0,8.0,,,2.0,Resp 13a,750.0,750.0,800.0,200.0,0.0,0.0,,,A,A1,050801LR-13
748,control,050801LR,3,14,,,,,,,,,,,,,,,,,,,,,,,,,,,,,,,,,,,,,7.0,1,1.0,,750.0,10.0,,,2.0,Resp 13a,750.0,750.0,800.0,200.0,0.0,0.0,,,A,A1,050801LR-14
749,control,050801LR,3,15,,,,,,,,,,,,,,,,,,,,,,,,,,,,,,,,,,,,,7.0,2,1.0,,750.0,9.0,,,1.0,Resp 13a,750.0,750.0,800.0,200.0,0.0,0.0,,,B,B1,050801LR-15
750,control,050801LR,3,16,,,,,,,,,,,,,,,,,,,,,,,,,,,,,,,,,,,,,7.0,2,1.0,,750.0,12.0,,,1.0,Resp 13a,750.0,750.0,800.0,200.0,0.0,0.0,,,B,B1,050801LR-16
799,control,050801NP,3,1,,,,,,,,,,,,,,,,,,,,,,,,,,,,,,,,,,,,,1.0,2,1.0,,125.0,10.0,,,1.0,Resp 6,100.0,1000.0,75.0,125.0,125.0,125.0,,,B,B1,050801NP-1
800,control,050801NP,3,2,,,,,,,,,,,,,,,,,,,,,,,,,,,,,,,,,,,,,1.0,1,2.0,,125.0,9.0,,,2.0,Resp 6,100.0,1000.0,75.0,125.0,125.0,125.0,,,A,A2,050801NP-2
801,control,050801NP,3,3,,,,,,,,,,,,,,,,,,,,,,,,,,,,,,,,,,,,,1.0,2,2.0,,125.0,5.0,,,1.0,Resp 6,100.0,1000.0,75.0,125.0,125.0,125.0,,,B,B2,050801NP-3
802,control,050801NP,3,4,,,,,,,,,,,,,,,,,,,,,,,,,,,,,,,,,,,,,1.0,1,2.0,,75.0,12.0,,,2.0,Resp 6,100.0,1000.0,75.0,125.0,125.0,125.0,,,A,A2,050801NP-4
803,control,050801NP,3,5,,,,,,,,,,,,,,,,,,,,,,,,,,,,,,,,,,,,,1.0,1,2.0,,125.0,3.0,,,2.0,Resp 6,100.0,1000.0,75.0,125.0,125.0,125.0,,,A,A2,050801NP-5
804,control,050801NP,3,6,,,,,,,,,,,,,,,,,,,,,,,,,,,,,,,,,,,,,1.0,2,1.0,,125.0,15.0,,,1.0,Resp 6,100.0,1000.0,75.0,125.0,125.0,125.0,,,B,B1,050801NP-6
805,control,050801NP,3,7,,,,,,,,,,,,,,,,,,,,,,,,,,,,,,,,,,,,,1.0,1,2.0,,125.0,11.0,,,2.0,Resp 6,100.0,1000.0,75.0,125.0,125.0,125.0,,,A,A2,050801NP-7
806,control,050801NP,3,8,,,,,,,,,,,,,,,,,,,,,,,,,,,,,,,,,,,,,1.0,1,2.0,,125.0,13.0,,,2.0,Resp 6,100.0,1000.0,75.0,125.0,125.0,125.0,,,A,A2,050801NP-8
807,control,050801NP,3,9,,,,,,,,,,,,,,,,,,,,,,,,,,,,,,,,,,,,,1.0,2,2.0,,125.0,2.0,,,1.0,Resp 6,100.0,1000.0,75.0,125.0,125.0,125.0,,,B,B2,050801NP-9
808,control,050801NP,3,10,,,,,,,,,,,,,,,,,,,,,,,,,,,,,,,,,,,,,1.0,1,2.0,,75.0,1.0,,,2.0,Resp 6,100.0,1000.0,75.0,125.0,125.0,125.0,,,A,A2,050801NP-10
809,control,050801NP,3,11,,,,,,,,,,,,,,,,,,,,,,,,,,,,,,,,,,,,,1.0,2,2.0,,125.0,7.0,,,1.0,Resp 6,100.0,1000.0,75.0,125.0,125.0,125.0,,,B,B2,050801NP-11
810,control,050801NP,3,12,,,,,,,,,,,,,,,,,,,,,,,,,,,,,,,,,,,,,1.0,2,1.0,,125.0,4.0,,,1.0,Resp 6,100.0,1000.0,75.0,125.0,125.0,125.0,,,B,B1,050801NP-12
811,control,050801NP,3,13,,,,,,,,,,,,,,,,,,,,,,,,,,,,,,,,,,,,,1.0,2,2.0,,125.0,8.0,,,1.0,Resp 6,100.0,1000.0,75.0,125.0,125.0,125.0,,,B,B2,050801NP-13
812,control,050801NP,3,14,,,,,,,,,,,,,,,,,,,,,,,,,,,,,,,,,,,,,1.0,2,2.0,,1000.0,16.0,,,1.0,Resp 6,100.0,1000.0,75.0,125.0,125.0,125.0,,,B,B2,050801NP-14
813,control,050801NP,3,15,,,,,,,,,,,,,,,,,,,,,,,,,,,,,,,,,,,,,1.0,1,2.0,,75.0,6.0,,,2.0,Resp 6,100.0,1000.0,75.0,125.0,125.0,125.0,,,A,A2,050801NP-15
814,control,050801NP,3,16,,,,,,,,,,,,,,,,,,,,,,,,,,,,,,,,,,,,,1.0,1,1.0,,100.0,14.0,,,2.0,Resp 6,100.0,1000.0,75.0,125.0,125.0,125.0,,,A,A1,050801NP-16
815,control,050801NP,3,1,,,,,,,,,,,,,,,,,,,,,,,,,,,,,,,,,,,,,2.0,2,1.0,,0.0,5.0,,,1.0,Resp 8,725.0,0.0,400.0,400.0,750.0,375.0,,,B,B1,050801NP-1
816,control,050801NP,3,2,,,,,,,,,,,,,,,,,,,,,,,,,,,,,,,,,,,,,2.0,2,2.0,,0.0,7.0,,,1.0,Resp 8,725.0,0.0,400.0,400.0,750.0,375.0,,,B,B2,050801NP-2
817,control,050801NP,3,3,,,,,,,,,,,,,,,,,,,,,,,,,,,,,,,,,,,,,2.0,2,1.0,,0.0,6.0,,,1.0,Resp 8,725.0,0.0,400.0,400.0,750.0,375.0,,,B,B1,050801NP-3
818,control,050801NP,3,4,,,,,,,,,,,,,,,,,,,,,,,,,,,,,,,,,,,,,2.0,2,1.0,,400.0,15.0,,,1.0,Resp 8,725.0,0.0,400.0,400.0,750.0,375.0,,,B,B1,050801NP-4
819,control,050801NP,3,5,,,,,,,,,,,,,,,,,,,,,,,,,,,,,,,,,,,,,2.0,1,1.0,,725.0,1.0,,,2.0,Resp 8,725.0,0.0,400.0,400.0,750.0,375.0,,,A,A1,050801NP-5
820,control,050801NP,3,6,,,,,,,,,,,,,,,,,,,,,,,,,,,,,,,,,,,,,2.0,1,1.0,,725.0,3.0,,,2.0,Resp 8,725.0,0.0,400.0,400.0,750.0,375.0,,,A,A1,050801NP-6
821,control,050801NP,3,7,,,,,,,,,,,,,,,,,,,,,,,,,,,,,,,,,,,,,2.0,1,1.0,,725.0,2.0,,,2.0,Resp 8,725.0,0.0,400.0,400.0,750.0,375.0,,,A,A1,050801NP-7
822,control,050801NP,3,8,,,,,,,,,,,,,,,,,,,,,,,,,,,,,,,,,,,,,2.0,2,1.0,,0.0,16.0,,,1.0,Resp 8,725.0,0.0,400.0,400.0,750.0,375.0,,,B,B1,050801NP-8
823,control,050801NP,3,9,,,,,,,,,,,,,,,,,,,,,,,,,,,,,,,,,,,,,2.0,2,2.0,,375.0,13.0,,,1.0,Resp 8,725.0,0.0,400.0,400.0,750.0,375.0,,,B,B2,050801NP-9
824,control,050801NP,3,10,,,,,,,,,,,,,,,,,,,,,,,,,,,,,,,,,,,,,2.0,2,2.0,,0.0,14.0,,,1.0,Resp 8,725.0,0.0,400.0,400.0,750.0,375.0,,,B,B2,050801NP-10
825,control,050801NP,3,11,,,,,,,,,,,,,,,,,,,,,,,,,,,,,,,,,,,,,2.0,1,1.0,,725.0,12.0,,,2.0,Resp 8,725.0,0.0,400.0,400.0,750.0,375.0,,,A,A1,050801NP-11
826,control,050801NP,3,12,,,,,,,,,,,,,,,,,,,,,,,,,,,,,,,,,,,,,2.0,2,1.0,,0.0,11.0,,,1.0,Resp 8,725.0,0.0,400.0,400.0,750.0,375.0,,,B,B1,050801NP-12
827,control,050801NP,3,13,,,,,,,,,,,,,,,,,,,,,,,,,,,,,,,,,,,,,2.0,1,2.0,,750.0,9.0,,,2.0,Resp 8,725.0,0.0,400.0,400.0,750.0,375.0,,,A,A2,050801NP-13
828,control,050801NP,3,14,,,,,,,,,,,,,,,,,,,,,,,,,,,,,,,,,,,,,2.0,1,1.0,,725.0,10.0,,,2.0,Resp 8,725.0,0.0,400.0,400.0,750.0,375.0,,,A,A1,050801NP-14
829,control,050801NP,3,15,,,,,,,,,,,,,,,,,,,,,,,,,,,,,,,,,,,,,2.0,1,2.0,,400.0,4.0,,,2.0,Resp 8,725.0,0.0,400.0,400.0,750.0,375.0,,,A,A2,050801NP-15
830,control,050801NP,3,16,,,,,,,,,,,,,,,,,,,,,,,,,,,,,,,,,,,,,2.0,1,1.0,,725.0,8.0,,,2.0,Resp 8,725.0,0.0,400.0,400.0,750.0,375.0,,,A,A1,050801NP-16
831,control,050801NP,3,1,,,,,,,,,,,,,,,,,,,,,,,,,,,,,,,,,,,,,3.0,1,1.0,,450.0,6.0,,,2.0,Resp 7,450.0,900.0,200.0,400.0,400.0,400.0,,,A,A1,050801NP-1
832,control,050801NP,3,2,,,,,,,,,,,,,,,,,,,,,,,,,,,,,,,,,,,,,3.0,2,2.0,,900.0,12.0,,,1.0,Resp 7,450.0,900.0,200.0,400.0,400.0,400.0,,,B,B2,050801NP-2
833,control,050801NP,3,3,,,,,,,,,,,,,,,,,,,,,,,,,,,,,,,,,,,,,3.0,2,2.0,,900.0,4.0,,,1.0,Resp 7,450.0,900.0,200.0,400.0,400.0,400.0,,,B,B2,050801NP-3
834,control,050801NP,3,4,,,,,,,,,,,,,,,,,,,,,,,,,,,,,,,,,,,,,3.0,1,1.0,,450.0,3.0,,,2.0,Resp 7,450.0,900.0,200.0,400.0,400.0,400.0,,,A,A1,050801NP-4
835,control,050801NP,3,5,,,,,,,,,,,,,,,,,,,,,,,,,,,,,,,,,,,,,3.0,2,2.0,,900.0,14.0,,,1.0,Resp 7,450.0,900.0,200.0,400.0,400.0,400.0,,,B,B2,050801NP-5
836,control,050801NP,3,6,,,,,,,,,,,,,,,,,,,,,,,,,,,,,,,,,,,,,3.0,2,2.0,,900.0,1.0,,,1.0,Resp 7,450.0,900.0,200.0,400.0,400.0,400.0,,,B,B2,050801NP-6
837,control,050801NP,3,7,,,,,,,,,,,,,,,,,,,,,,,,,,,,,,,,,,,,,3.0,2,2.0,,900.0,13.0,,,1.0,Resp 7,450.0,900.0,200.0,400.0,400.0,400.0,,,B,B2,050801NP-7
838,control,050801NP,3,8,,,,,,,,,,,,,,,,,,,,,,,,,,,,,,,,,,,,,3.0,2,1.0,,900.0,10.0,,,1.0,Resp 7,450.0,900.0,200.0,400.0,400.0,400.0,,,B,B1,050801NP-8
839,control,050801NP,3,9,,,,,,,,,,,,,,,,,,,,,,,,,,,,,,,,,,,,,3.0,1,1.0,,450.0,16.0,,,2.0,Resp 7,450.0,900.0,200.0,400.0,400.0,400.0,,,A,A1,050801NP-9
840,control,050801NP,3,10,,,,,,,,,,,,,,,,,,,,,,,,,,,,,,,,,,,,,3.0,1,1.0,,450.0,8.0,,,2.0,Resp 7,450.0,900.0,200.0,400.0,400.0,400.0,,,A,A1,050801NP-10
841,control,050801NP,3,11,,,,,,,,,,,,,,,,,,,,,,,,,,,,,,,,,,,,,3.0,1,1.0,,450.0,15.0,,,2.0,Resp 7,450.0,900.0,200.0,400.0,400.0,400.0,,,A,A1,050801NP-11
842,control,050801NP,3,12,,,,,,,,,,,,,,,,,,,,,,,,,,,,,,,,,,,,,3.0,1,1.0,,450.0,2.0,,,2.0,Resp 7,450.0,900.0,200.0,400.0,400.0,400.0,,,A,A1,050801NP-12
843,control,050801NP,3,13,,,,,,,,,,,,,,,,,,,,,,,,,,,,,,,,,,,,,3.0,1,1.0,,450.0,7.0,,,2.0,Resp 7,450.0,900.0,200.0,400.0,400.0,400.0,,,A,A1,050801NP-13
844,control,050801NP,3,14,,,,,,,,,,,,,,,,,,,,,,,,,,,,,,,,,,,,,3.0,1,1.0,,450.0,5.0,,,2.0,Resp 7,450.0,900.0,200.0,400.0,400.0,400.0,,,A,A1,050801NP-14
845,control,050801NP,3,15,,,,,,,,,,,,,,,,,,,,,,,,,,,,,,,,,,,,,3.0,2,2.0,,900.0,11.0,,,1.0,Resp 7,450.0,900.0,200.0,400.0,400.0,400.0,,,B,B2,050801NP-15
846,control,050801NP,3,16,,,,,,,,,,,,,,,,,,,,,,,,,,,,,,,,,,,,,3.0,2,2.0,,900.0,9.0,,,1.0,Resp 7,450.0,900.0,200.0,400.0,400.0,400.0,,,B,B2,050801NP-16
847,control,050801NP,3,1,,,,,,,,,,,,,,,,,,,,,,,,,,,,,,,,,,,,,4.0,1,1.0,,450.0,4.0,,,2.0,Resp 9,450.0,0.0,350.0,450.0,450.0,350.0,,,A,A1,050801NP-1
848,control,050801NP,3,2,,,,,,,,,,,,,,,,,,,,,,,,,,,,,,,,,,,,,4.0,2,2.0,,350.0,15.0,,,1.0,Resp 9,450.0,0.0,350.0,450.0,450.0,350.0,,,B,B2,050801NP-2
849,control,050801NP,3,3,,,,,,,,,,,,,,,,,,,,,,,,,,,,,,,,,,,,,4.0,2,1.0,,450.0,11.0,,,1.0,Resp 9,450.0,0.0,350.0,450.0,450.0,350.0,,,B,B1,050801NP-3
850,control,050801NP,3,4,,,,,,,,,,,,,,,,,,,,,,,,,,,,,,,,,,,,,4.0,2,2.0,,0.0,1.0,,,1.0,Resp 9,450.0,0.0,350.0,450.0,450.0,350.0,,,B,B2,050801NP-4
851,control,050801NP,3,5,,,,,,,,,,,,,,,,,,,,,,,,,,,,,,,,,,,,,4.0,1,2.0,,350.0,8.0,,,2.0,Resp 9,450.0,0.0,350.0,450.0,450.0,350.0,,,A,A2,050801NP-5
852,control,050801NP,3,6,,,,,,,,,,,,,,,,,,,,,,,,,,,,,,,,,,,,,4.0,1,1.0,,450.0,14.0,,,2.0,Resp 9,450.0,0.0,350.0,450.0,450.0,350.0,,,A,A1,050801NP-6
853,control,050801NP,3,7,,,,,,,,,,,,,,,,,,,,,,,,,,,,,,,,,,,,,4.0,2,1.0,,0.0,16.0,,,1.0,Resp 9,450.0,0.0,350.0,450.0,450.0,350.0,,,B,B1,050801NP-7
854,control,050801NP,3,8,,,,,,,,,,,,,,,,,,,,,,,,,,,,,,,,,,,,,4.0,2,1.0,,450.0,5.0,,,1.0,Resp 9,450.0,0.0,350.0,450.0,450.0,350.0,,,B,B1,050801NP-8
855,control,050801NP,3,9,,,,,,,,,,,,,,,,,,,,,,,,,,,,,,,,,,,,,4.0,2,1.0,,0.0,10.0,,,1.0,Resp 9,450.0,0.0,350.0,450.0,450.0,350.0,,,B,B1,050801NP-9
856,control,050801NP,3,10,,,,,,,,,,,,,,,,,,,,,,,,,,,,,,,,,,,,,4.0,1,1.0,,450.0,9.0,,,2.0,Resp 9,450.0,0.0,350.0,450.0,450.0,350.0,,,A,A1,050801NP-10
857,control,050801NP,3,11,,,,,,,,,,,,,,,,,,,,,,,,,,,,,,,,,,,,,4.0,1,2.0,,350.0,3.0,,,2.0,Resp 9,450.0,0.0,350.0,450.0,450.0,350.0,,,A,A2,050801NP-11
858,control,050801NP,3,12,,,,,,,,,,,,,,,,,,,,,,,,,,,,,,,,,,,,,4.0,1,2.0,,350.0,13.0,,,2.0,Resp 9,450.0,0.0,350.0,450.0,450.0,350.0,,,A,A2,050801NP-12
859,control,050801NP,3,13,,,,,,,,,,,,,,,,,,,,,,,,,,,,,,,,,,,,,4.0,2,1.0,,450.0,12.0,,,1.0,Resp 9,450.0,0.0,350.0,450.0,450.0,350.0,,,B,B1,050801NP-13
860,control,050801NP,3,14,,,,,,,,,,,,,,,,,,,,,,,,,,,,,,,,,,,,,4.0,2,1.0,,0.0,6.0,,,1.0,Resp 9,450.0,0.0,350.0,450.0,450.0,350.0,,,B,B1,050801NP-14
861,control,050801NP,3,15,,,,,,,,,,,,,,,,,,,,,,,,,,,,,,,,,,,,,4.0,1,2.0,,450.0,2.0,,,2.0,Resp 9,450.0,0.0,350.0,450.0,450.0,350.0,,,A,A2,050801NP-15
862,control,050801NP,3,16,,,,,,,,,,,,,,,,,,,,,,,,,,,,,,,,,,,,,4.0,1,1.0,,450.0,7.0,,,2.0,Resp 9,450.0,0.0,350.0,450.0,450.0,350.0,,,A,A1,050801NP-16
895,control,050801NP,3,1,,,,,,,,,,,,,,,,,,,,,,,,,,,,,,,,,,,,,7.0,1,2.0,,800.0,13.0,,,2.0,Resp 13a,750.0,750.0,800.0,200.0,0.0,0.0,,,A,A2,050801NP-1
896,control,050801NP,3,2,,,,,,,,,,,,,,,,,,,,,,,,,,,,,,,,,,,,,7.0,1,1.0,,750.0,14.0,,,2.0,Resp 13a,750.0,750.0,800.0,200.0,0.0,0.0,,,A,A1,050801NP-2
897,control,050801NP,3,3,,,,,,,,,,,,,,,,,,,,,,,,,,,,,,,,,,,,,7.0,2,1.0,,200.0,16.0,,,1.0,Resp 13a,750.0,750.0,800.0,200.0,0.0,0.0,,,B,B1,050801NP-3
898,control,050801NP,3,4,,,,,,,,,,,,,,,,,,,,,,,,,,,,,,,,,,,,,7.0,1,1.0,,750.0,9.0,,,2.0,Resp 13a,750.0,750.0,800.0,200.0,0.0,0.0,,,A,A1,050801NP-4
899,control,050801NP,3,5,,,,,,,,,,,,,,,,,,,,,,,,,,,,,,,,,,,,,7.0,1,2.0,,800.0,12.0,,,2.0,Resp 13a,750.0,750.0,800.0,200.0,0.0,0.0,,,A,A2,050801NP-5
900,control,050801NP,3,6,,,,,,,,,,,,,,,,,,,,,,,,,,,,,,,,,,,,,7.0,1,2.0,,800.0,7.0,,,2.0,Resp 13a,750.0,750.0,800.0,200.0,0.0,0.0,,,A,A2,050801NP-6
901,control,050801NP,3,7,,,,,,,,,,,,,,,,,,,,,,,,,,,,,,,,,,,,,7.0,2,1.0,,200.0,6.0,,,1.0,Resp 13a,750.0,750.0,800.0,200.0,0.0,0.0,,,B,B1,050801NP-7
902,control,050801NP,3,8,,,,,,,,,,,,,,,,,,,,,,,,,,,,,,,,,,,,,7.0,2,1.0,,750.0,11.0,,,1.0,Resp 13a,750.0,750.0,800.0,200.0,0.0,0.0,,,B,B1,050801NP-8
903,control,050801NP,3,9,,,,,,,,,,,,,,,,,,,,,,,,,,,,,,,,,,,,,7.0,2,1.0,,750.0,4.0,,,1.0,Resp 13a,750.0,750.0,800.0,200.0,0.0,0.0,,,B,B1,050801NP-9
904,control,050801NP,3,10,,,,,,,,,,,,,,,,,,,,,,,,,,,,,,,,,,,,,7.0,2,1.0,,750.0,15.0,,,1.0,Resp 13a,750.0,750.0,800.0,200.0,0.0,0.0,,,B,B1,050801NP-10
905,control,050801NP,3,11,,,,,,,,,,,,,,,,,,,,,,,,,,,,,,,,,,,,,7.0,1,1.0,,750.0,8.0,,,2.0,Resp 13a,750.0,750.0,800.0,200.0,0.0,0.0,,,A,A1,050801NP-11
906,control,050801NP,3,12,,,,,,,,,,,,,,,,,,,,,,,,,,,,,,,,,,,,,7.0,2,1.0,,200.0,5.0,,,1.0,Resp 13a,750.0,750.0,800.0,200.0,0.0,0.0,,,B,B1,050801NP-12
907,control,050801NP,3,13,,,,,,,,,,,,,,,,,,,,,,,,,,,,,,,,,,,,,7.0,2,1.0,,200.0,1.0,,,1.0,Resp 13a,750.0,750.0,800.0,200.0,0.0,0.0,,,B,B1,050801NP-13
908,control,050801NP,3,14,,,,,,,,,,,,,,,,,,,,,,,,,,,,,,,,,,,,,7.0,2,1.0,,750.0,2.0,,,1.0,Resp 13a,750.0,750.0,800.0,200.0,0.0,0.0,,,B,B1,050801NP-14
909,control,050801NP,3,15,,,,,,,,,,,,,,,,,,,,,,,,,,,,,,,,,,,,,7.0,1,1.0,,750.0,10.0,,,2.0,Resp 13a,750.0,750.0,800.0,200.0,0.0,0.0,,,A,A1,050801NP-15
910,control,050801NP,3,16,,,,,,,,,,,,,,,,,,,,,,,,,,,,,,,,,,,,,7.0,1,2.0,,800.0,3.0,,,2.0,Resp 13a,750.0,750.0,800.0,200.0,0.0,0.0,,,A,A2,050801NP-16
